RegistroANS;RazaoSocial;UF;Modalidade;Total_Despesas;Media_Trimestral;Desvio_Padrao;Qtde_Trimestres
5711;BRADESCO SAÚDE S.A.;RJ;Seguradora Especializada em Saúde;47154607705.88;15718202568.63;8330278647.06;3
6246;SUL AMERICA COMPANHIA DE SEGURO SAÚDE;RJ;Seguradora Especializada em Saúde;39400096932.27;13133365644.09;6844536901.64;3
326305;AMIL ASSISTÊNCIA MÉDICA INTERNACIONAL S.A.;SP;Medicina de Grupo;32679167175.29;10893055725.1;5600243908.08;3
368253;HAPVIDA ASSISTENCIA MEDICA S.A.;CE;Medicina de Grupo;15317813951.59;5105937983.86;2766845198.89;3
359017;NOTRE DAME INTERMÉDICA SAÚDE S.A.;SP;Medicina de Grupo;15174546027.17;5058182009.06;2718799412.69;3
346659;CAIXA DE ASSISTÊNCIA DOS FUNCIONÁRIOS DO BANCO DO BRASIL;DF;Autogestão;11592185644.74;3864061881.58;2055830940.99;3
339679;UNIMED NACIONAL - COOPERATIVA CENTRAL;SP;Cooperativa Médica;9723820892.6;3241273630.87;1637885137.33;3
302147;PREVENT SENIOR PRIVATE OPERADORA DE SAÚDE LTDA;SP;Medicina de Grupo;8759734071.93;2919911357.31;1508009194.99;3
582;PORTO SEGURO - SEGURO SAÚDE S/A;SP;Seguradora Especializada em Saúde;8739538873.78;2913179624.59;1607535785.84;3
343889;UNIMED BELO HORIZONTE COOPERATIVA DE TRABALHO MÉDICO;MG;Cooperativa Médica;8351300542.32;2783766847.44;1477064378.25;3
701;UNIMED SEGUROS SAÚDE S/A;SP;Seguradora Especializada em Saúde;7733427563.31;2577809187.77;1386174791.19;3
323080;GEAP AUTOGESTÃO EM SAÚDE;DF;Autogestão;7213534469.92;2404511489.97;1210286326.27;3
312363;UNIMED DO EST. DO RJ FEDERAÇÃO EST. DAS COOPERATIVAS MÉDICAS;RJ;Cooperativa Médica;7195172896.06;2398390965.35;1214169446.86;3
352501;UNIMED PORTO ALEGRE - COOPERATIVA MÉDICA LTDA.;RS;Cooperativa Médica;5452448100.02;1817482700.01;977799711.29;3
304701;UNIMED CURITIBA - SOCIEDADE COOPERATIVA DE MÉDICOS;PR;Cooperativa Médica;4783277070.2;1594425690.07;858027610.84;3
335690;UNIMED CAMPINAS - COOPERATIVA DE TRABALHO MÉDICO;SP;Cooperativa Médica;4669129311.11;1556376437.04;825696939.33;3
317144;UNIMED DE FORTALEZA SOCIEDADE COOPERATIVA MÉDICA LTDA.;CE;Cooperativa Médica;3922236159.97;1307412053.32;683339704.23;3
382876;UNIMED GOIANIA COOPERATIVA DE TRABALHO MÉDICO;GO;Cooperativa Médica;3730177870.69;1243392623.56;634459845.79;3
359661;OMINT SERVIÇOS DE SAÚDE S.A.;SP;Medicina de Grupo;3596892721.03;1198964240.34;652051682.86;3
379956;CARE PLUS MEDICINA ASSISTENCIAL LTDA.;SP;Medicina de Grupo;3444809686.72;1148269895.57;623504943.73;3
312126;FUNDAÇÃO SAÚDE ITAÚ;MG;Autogestão;3314246863.81;1104748954.6;586062118.56;3
309222;GRUPO HOSPITALAR DO RIO DE JANEIRO LTDA;RJ;Medicina de Grupo;3105875545.99;1035291848.66;544115610.46;3
424188;SERV  SOCIAL AUTÔNOMO DE ASSIST À SAÚDE DOS SERV PÚBLICOS E MILITARES DE GOIÁS;GO;Autogestão;2997666902.48;1498833451.24;426637650.69;2
357391;UNIMED VITORIA COOPERATIVA DE TRABALHO MEDICO;ES;Cooperativa Médica;2842271289.05;947423763.02;501871648.84;3
315478;FUNDAÇÃO CESP;SP;Autogestão;2353434477.99;784478159.33;420599968.49;3
335614;SAMEDIL SERVIÇOS DE ATENDIMENTO MÉDICO S/A;ES;Medicina de Grupo;2298759034.62;766253011.54;433197658.64;3
303976;UNIMED BELÉM COOPERATIVA DE TRABALHO MÉDICO;PA;Cooperativa Médica;2271116291.76;757038763.92;381355872.63;3
344885;UNIMED RECIFE COOPERATIVA DE TRABALHO MÉDICO;PE;Cooperativa Médica;2162262522.53;720754174.18;375954749.74;3
350141;OPERADORA INATIVA/DESCONHECIDA;ND;Desconhecida;2100180561.68;700060187.23;365502954.46;3
346926;FUNDAÇÃO ASSISTENCIAL DOS SERVIDORES DO MINISTÉRIO DA FAZENDA;DF;Autogestão;2021549421.69;673849807.23;336445381.73;3
342084;UNIMED CUIABA COOPERATIVA DE TRABALHO MÉDICO;MT;Cooperativa Médica;1974863720.15;658287906.72;336462846.19;3
335100;UNIMED SAO JOSÉ DO RIO PRETO - COOP. DE TRABALHO MÉDICO;SP;Cooperativa Médica;1904881373.92;634960457.97;340174330.18;3
319996;UNIMED DO ESTADO DE SÃO PAULO - FEDERAÇÃO ESTADUAL DAS COOP. MÉDICAS;SP;Cooperativa Médica;1876610842.27;625536947.42;306818226.48;3
360449;UNIMED GRANDE FLORIANÓPOLIS-COOPERATIVA DE TRABALHO MEDICO;SC;Cooperativa Médica;1808827235.93;602942411.98;326211597.76;3
352331;CAIXA BENEFICENTE DOS FUNCIONARIOS DO BANCO DO ESTADO DE SÃO PAULO;SP;Autogestão;1733576377.37;577858792.46;313760194.24;3
335592;UNIMED NATAL SOC. COOP. DE TRAB. MÉDICO;RN;Cooperativa Médica;1702843962.65;567614654.22;294859505.14;3
348295;UNIMED SOROCABA COOPERATIVA DE TRABALHO MÉDICO;SP;Cooperativa Médica;1680716854.37;560238951.46;300027631.52;3
325571;UNIMED SERRA GAUCHA/RS COOPERATIVA DE ASSISTENCIA A SAUDE LTDA;RS;Cooperativa Médica;1530280180.26;510093393.42;275769698.52;3
321044;UNIMED JOAO PESSOA - COOPERATIVA DE TRABALHO MÉDICO;PB;Cooperativa Médica;1524615238.63;508205079.54;265338623.66;3
327689;UNIMED MACEIO COOPERATIVA DE TRABALHO MÉDICO;AL;Cooperativa Médica;1524030798.89;508010266.3;256767381.0;3
343269;UNIMED DE LONDRINA COOPERATIVA DE TRABALHO MÉDICO;PR;Cooperativa Médica;1522446041.46;507482013.82;261944359.05;3
357511;HUMANA SAÚDE NORDESTE LTDA. ;PI;Medicina de Grupo;1504664834.17;501554944.72;260900211.09;3
343731;UNIMED-SÃO GONÇALO - NITERÓI - SOC.COOP.SERV.MED E HOSP LTDA;RJ;Cooperativa Médica;1396213529.4;465404509.8;241677080.52;3
348520;NOTRE DAME INTERMÉDICA MINAS GERAIS SAÚDE S.A.;CE;Medicina de Grupo;1384493286.79;461497762.26;242301309.93;3
413534;CAIXA DE ASSISTENCIA DOS SERVIDORES DO ESTADO DE MATO GROSSO DO SUL;MS;Autogestão;1359866685.69;453288895.23;230811603.86;3
355097;SANTA HELENA ASSISTÊNCIA MÉDICA S/A.;SP;Medicina de Grupo;1315150207.02;438383402.34;228431422.77;3
355721;UNIMED DE SANTOS COOP DE TRAB MEDICO;SP;Cooperativa Médica;1284508812.28;428169604.09;227003214.67;3
312851;UNIMED CAMPO GRANDE MS COOPERATIVA DE TRABALHO MÉDICO;MS;Cooperativa Médica;1272485846.05;424161948.68;219232363.79;3
351202;UNIMED DE RIBEIRAO PRETO - COOPERATIVA DE TRABALHO MÉDICO;SP;Cooperativa Médica;1204249637.55;401416545.85;212007854.73;3
303623;CENTRO TRASMONTANO DE SAO PAULO;SP;Medicina de Grupo;1199114247.73;399704749.24;208904344.15;3
371254;UNIMED REGIONAL MARINGÁ COOP.DE TRABALHO MÉDICO;PR;Cooperativa Médica;1177434966.35;392478322.12;207399538.61;3
342033;SAMP ESPIRITO SANTO ASSISTENCIA MEDICA SA;ES;Medicina de Grupo;1142063741.29;380687913.76;200070328.25;3
340782;CLINIPAM CLINICA PARANAENSE DE ASSISTENCIA MEDICA LTDA;CE;Medicina de Grupo;1094087166.55;364695722.18;196572714.0;3
334561;UNIMED BLUMENAU - COOPERATIVA DE TRABALHO MEDICO;SC;Cooperativa Médica;1061860967.91;353953655.97;190881841.43;3
301949;ODONTOPREV S/A;SP;Odontologia de Grupo;1058171543.86;352723847.95;192304677.55;3
384577;UNIMED UBERLÂNDIA COOPERATIVA REGIONAL TRABALHO MÉDICO LTDA;MG;Cooperativa Médica;1058019416.71;352673138.9;174890120.69;3
314218;ASSOCIAÇÃO DE BENEFICÊNCIA E FILANTROPIA SÃO CRISTOVÃO;SP;Filantropia;1027858141.54;342619380.51;173415390.07;3
339954;FUNDAÇÃO SÃO FRANCISCO XAVIER;MG;Filantropia;1005548503.03;335182834.34;180006589.67;3
312720;UNIMED DO ESTADO DO PARANÁ FEDERAÇÃO ESTADUAL DAS COOPERATIVAS MÉDICAS;PR;Cooperativa Médica;974680709.61;324893569.87;173381134.96;3
331872;UNIMED SAO JOSE DOS CAMPOS - COOPERATIVA DE TRABALHO MEDICO;SP;Cooperativa Médica;970574962.49;323524987.5;168818264.69;3
315729;UNIMED DE PIRACICABA SOCIEDADE COOPERATIVA DE SERVIÇOS MÉDICOS;SP;Cooperativa Médica;942754820.98;314251606.99;164021410.42;3
355691;UNIMED DO ESTADO DE SANTA CATARINA FED. EST. DAS COOP. MÉD.;SC;Cooperativa Médica;905624733.92;301874911.31;161612188.6;3
321273;UNIMED DE JOINVILLE COOPERATIVA DE TRABALHO MÉDICO;SC;Cooperativa Médica;879991826.36;293330608.79;154008352.07;3
306398;UNIMED - COOPERATIVA DE SERVIÇOS DE SAÚDE DOS VALES DO TAQUARI E RIO PARDO LTDA.;RS;Cooperativa Médica;869193980.36;289731326.79;155032910.39;3
319121;UNIMED DIVINOPOLIS - COOPERATIVA DE TRABALHO MEDICO LTDA;MG;Cooperativa Médica;865255821.59;288418607.2;158974823.58;3
353353;UNIMED TERESINA - COOPERATIVA DE TRABALHO MÉDICO;PI;Cooperativa Médica;848645312.6;282881770.87;149922130.38;3
417505;CEMIG SAÚDE;MG;Autogestão;844712588.66;281570862.89;141323032.98;3
361011;SINDIFISCO NACIONAL - SINDICATO NACIONAL DOS AUDITORES-FISCAIS DA RECEITA FEDERAL DO BRASIL;DF;Autogestão;838598655.26;279532885.09;136185857.57;3
337668;UNIMED SERGIPE - COOPERATIVA DE TRABALHO MÉDICO;SE;Cooperativa Médica;818437626.93;272812542.31;132527263.54;3
306886;UNIMED JUIZ DE FORA COOPERATIVA DE TRABALHO MÉDICO LTDA;MG;Cooperativa Médica;797095334.96;265698444.99;138853619.87;3
369659;UNIMED DE BAURU COOPERATIVA DE TRABALHO MÉDICO;SP;Cooperativa Médica;774971342.09;258323780.7;137452483.51;3
303356;UNIMED LITORAL COOPERATIVA DE TRABALHO MÉDICO LTDA;SC;Cooperativa Médica;769673576.3;256557858.77;139229869.21;3
354031;UNIMED SÃO CARLOS - COOPERATIVA DE TRABALHO MÉDICO;SP;Cooperativa Médica;765559934.97;255186644.99;131695444.73;3
370070;UNIMED DE CASCAVEL COOPERATIVA DE TRABALHO MÉDICO;PR;Cooperativa Médica;756063225.85;252021075.28;132632078.92;3
419249;ASSOCIAÇÃO SANTA CASA SAÚDE DE SÃO JOSÉ DOS CAMPOS;SP;Medicina de Grupo;732062004.21;244020668.07;127069908.71;3
411256;PLANO HOSPITAL SAMARITANO LTDA;SP;Medicina de Grupo;714003894.24;238001298.08;121234524.74;3
315796;UNIMED DE PRESIDENTE PRUDENTE COOPERATIVA DE TRAB. MÉDICO;SP;Cooperativa Médica;694717853.88;231572617.96;128930034.16;3
331988;PASA - PLANO DE ASSISTENCIA A SAUDE DO APOSENTADO DA VALE;RJ;Autogestão;685221796.56;228407265.52;124693825.81;3
303267;UNIMED JUNDIAI - COOPERATIVA DE TRABALHO MÉDICO;SP;Cooperativa Médica;675903366.77;225301122.26;122981572.71;3
340952;UNIMED CARUARU-COOPERATIVA DE TRABALHO MEDICO;PE;Cooperativa Médica;652132287.08;217377429.03;113684212.42;3
302953;UNIMED DE MACAÉ COOPERATIVA DE ASSISTÊNCIA À SAÚDE;RJ;Cooperativa Médica;649752984.14;216584328.05;119136867.42;3
421928;ALICE OPERADORA LTDA.;SP;Medicina de Grupo;645975320.35;215325106.78;130004644.85;3
364584;UNIMED DE VOLTA REDONDA COOPERATIVA DE TRABALHO MÉDICO;RJ;Cooperativa Médica;631979890.62;210659963.54;108276906.89;3
356417;UNIMED VALE DO SINOS - COOPERATIVA DE ASSISTÊNCIA À SAÚDE LTDA;RS;Cooperativa Médica;630961521.34;210320507.11;112299573.72;3
419010;INSTITUTO CURITIBA DE SAÚDE;PR;Autogestão;627197346.31;209065782.1;114226111.9;3
385697;CAIXA DE ASSISTÊNCIA DOS FUNCIONÁRIOS DO BANCO DO NORDESTE DO BRASIL;CE;Autogestão;616877899.77;205625966.59;112996599.64;3
353663;UNIMED NORTE DO MATO GROSSO COOPERATIVA DE TRABALHO MÉDICO;MT;Cooperativa Médica;615998077.25;205332692.42;111484947.01;3
320706;UNIMED SUL CAPIXABA COOPERATIVA DE TRABALHO MÉDICO;ES;Cooperativa Médica;611939065.13;203979688.38;105605587.69;3
392804;CENTRO CLÍNICO GAÚCHO LTDA;CE;Medicina de Grupo;611289899.36;203763299.79;107674174.97;3
335479;UNIMED NOVA FRIBURGO-SOC.COOP.SERV.MED.HOSP.LTDA.;RJ;Cooperativa Médica;603252084.51;201084028.17;101563287.12;3
348180;HUMANA SAÚDE LTDA.;PR;Medicina de Grupo;580840232.44;193613410.81;93650425.9;3
367095;SAMEL PLANO DE SAÚDE LTDA;AM;Medicina de Grupo;575629968.56;191876656.19;100426825.15;3
354066;UNIMED UBERABA COOPERATIVA DE TRABALHO MEDICO LTDA.;MG;Cooperativa Médica;572230857.18;190743619.06;98008778.67;3
326500;SOBAM CENTRO MÉDICO HOSPITALAR S.A.;SP;Medicina de Grupo;569300730.14;189766910.05;94991268.09;3
422339;LEVE SAUDE OPERADORA DE PLANOS DE SAUDE S.A;RJ;Medicina de Grupo;569173847.78;189724615.93;107450672.57;3
323268;UNIMED VALE DO SÃO FRANCISCO COOPERATIVA DE TRABALHO MÉDICO;PE;Cooperativa Médica;566748301.89;188916100.63;97211022.51;3
369292;UNIMED DE SANTA BÁRBARA D'OESTE E AMERICANA - COOP DE TRABALHO MÉDICO;SP;Cooperativa Médica;556208310.4;185402770.13;97004906.94;3
344397;UNIMED NOVA IGUACU COOPERATIVA DE TRABALHO MEDICO;RJ;Cooperativa Médica;551764018.9;183921339.63;92329697.84;3
418170;QUALLITY PRÓ SAÚDE PLANO DE ASSISTÊNCIA MÉDICA LTDA.;DF;Medicina de Grupo;539157005.51;179719001.84;88437660.95;3
311847;UNIMED REGIONAL DA BAIXA MOGIANA - COOPERATIVA DE TRABALHO MÉDICO;SP;Cooperativa Médica;523417506.85;174472502.28;90370489.33;3
354783;UNIMED FRANCA - SOCIEDADE COOPERATIVA DE SERVIÇOS MÉDICOS E HOSPITALARES;SP;Cooperativa Médica;520379977.59;173459992.53;92083030.72;3
336106;UNIMED DE MARILIA COOPERATIVA DE TRABALHO MÉDICO;SP;Cooperativa Médica;519148556.78;173049518.93;91859738.52;3
364312;UNIMED DE ARARAQUARA - COOP. DE TRAB. MÉDICO;SP;Cooperativa Médica;511967185.05;170655728.35;91125156.81;3
380661;METRUS INSTITUTO DE SEGURIDADE SOCIAL;SP;Autogestão;511153924.0;170384641.33;76614119.39;3
355151;FUNDAÇÃO COPEL DE PREVIDÊNCIA E ASSISTÊNCIA SOCIAL;PR;Autogestão;507224678.71;169074892.9;87036450.66;3
417530;ASSOCIAÇÃO DE SAÚDE PORTUGUESA DE BENEFICÊNCIA;SP;Medicina de Grupo;501523115.58;167174371.86;87950752.46;3
317632;ASSOCIACAO DOS AUDITORES FISCAIS DA RECEITA ESTADUAL DE SAO PAULO;SP;Autogestão;500683892.32;166894630.77;88181051.92;3
884;ITAUSEG SAÚDE S.A.;SP;Seguradora Especializada em Saúde;499895074.05;166631691.35;84375085.88;3
349712;UNIMED PONTA GROSSA COOPERATIVA DE TRABALHO MEDICO;PR;Cooperativa Médica;497148553.87;165716184.62;88243560.74;3
349682;DOCTOR CLIN OPERADORA DE PLANOS DE SAÚDE LTDA.;RS;Medicina de Grupo;492296245.61;164098748.54;93801651.4;3
317233;FUNDAÇÃO CHESF DE ASSISTÊNCIA E SEGURIDADE SOCIAL;PE;Autogestão;487900141.11;162633380.37;96640299.8;3
418021;ASSOCIAÇÃO SANTA SAÚDE;SP;Medicina de Grupo;477925338.56;159308446.19;79573421.42;3
321958;UNIMED DO CEARÁ - FEDERAÇÃO DAS SOCIEDADES COOPERATIVAS MÉDICAS DO ESTADO DO CEARÁ LTDA.;CE;Cooperativa Médica;475015644.4;158338548.13;84780409.47;3
367397;UNIMED CAMPINA GRANDE - COOPERATIVA DE TRABALHO MEDICO LTDA;PB;Cooperativa Médica;473930600.38;157976866.79;83959507.06;3
331317;REAL GRANDEZA - FUNDAÇÃO DE PREVIDÊNCIA E ASSISTÊNCIA SOCIAL;RJ;Autogestão;465458596.15;155152865.38;81894960.48;3
350249;H.B. SAÚDE S/A.;SP;Medicina de Grupo;463063152.93;154354384.31;78391992.83;3
366561;BENSAUDE PLANO DE ASSISTENCIA MEDICA HOSPITALAR LTDA.;SP;Medicina de Grupo;462616101.0;154205367.0;77199877.88;3
344800;ALVORECER - ASSOCIAÇÃO DE SOCORROS MÚTUOS;SP;Medicina de Grupo;461260477.95;153753492.65;76605552.64;3
329339;UNIMED DE CRICIÚMA COOPERATIVA DE TRABALHO MÉDICO DA REGIÃO CARBONÍFERA;SC;Cooperativa Médica;461186655.31;153728885.1;83820039.35;3
324477;CAIXA DE PREVIDÊNCIA E ASSISTÊNCIA DOS SERVIDORES DA FUNDAÇÃO NACIONAL DE SAÚDE - CAPESESP;RJ;Autogestão;459398995.08;153132998.36;75371689.27;3
386588;UNIMED GOVERNADOR VALADARES COOP. DE TRABALHO MÉDICO LTDA.;MG;Cooperativa Médica;448824563.52;149608187.84;79428455.0;3
367087;COOPERATIVA CENTRAL UNIMED DE COOPERATIVAS DE ASSISTÊNCIA À SAÚDE DO RIO GRANDE DO SUL LTDA.;RS;Cooperativa Médica;443221179.87;147740393.29;78800384.84;3
420077;SERVIÇO SOCIAL DA INDÚSTRIA DO PAPEL, PAPELÃO E CORTIÇA DO ESTADO DE SÃO PAULO - SEPACO;SP;Autogestão;441027143.37;147009047.79;78838325.27;3
337188;COOPERATIVA DE TRABALHO MÉDICO DE POUSO ALEGRE;MG;Cooperativa Médica;439314368.91;146438122.97;78060296.79;3
326861;PROMÉDICA - PROTEÇÃO MEDICA A EMPRESAS S.A.;BA;Medicina de Grupo;437058751.67;145686250.56;71779331.52;3
346276;UNIMED SALTO/ITU - COOPERATIVA MÉDICA;SP;Cooperativa Médica;428243380.27;142747793.42;73433792.94;3
360244;PLANO DE SAÚDE ANA COSTA LTDA.;SP;Medicina de Grupo;423134373.9;141044791.3;71339082.52;3
337374;UNIMED PORTO VELHO - SOCIEDADE COOPERATIVA MÉDICA LTDA;RO;Cooperativa Médica;422429254.29;140809751.43;78231313.82;3
422029;KLINI PLANOS DE SAÚDE LTDA;RJ;Medicina de Grupo;415692689.31;138564229.77;77858859.29;3
310247;CIRCULO OPERARIO CAXIENSE;RS;Medicina de Grupo;407896329.7;135965443.23;70084642.43;3
348082;UNIMED ANHANGUERA COOPERATIVA DE TRABALHO MÉDICO;SP;Cooperativa Médica;401398454.16;133799484.72;66917314.88;3
307319;CAIXA DE ASSISTÊNCIA DOS EMPREGADOS DO BANCO DO ESTADO DO RIO GRANDE DO SUL;RS;Autogestão;399801677.42;133267225.81;73874654.08;3
319708;UNIMED SANTA MARIA/RS - COOPERATIVA DE ASSISTÊNCIA À SAÚDE LTDA;RS;Cooperativa Médica;398381394.98;132793798.33;69676262.11;3
352683;UNIMED DE CAMPOS COOPERATIVA DE TRABALHO MÉDICO;RJ;Cooperativa Médica;383450248.87;127816749.62;68508929.0;3
415111;BIOVIDA SAÚDE LTDA.;SP;Medicina de Grupo;379404886.29;126468295.43;64166809.09;3
421421;2CARE OPERADORA DE SAÚDE LTDA.;SP;Medicina de Grupo;376541573.07;125513857.69;63817996.77;3
327417;AUSTACLINICAS ASSISTÊNCIA MÉDICA E HOSPITALAR LTDA;SP;Medicina de Grupo;375030592.0;125010197.33;66270434.73;3
324361;CAIXA DE ASSISTÊNCIA À SAÚDE - CABERJ;RJ;Medicina de Grupo;372278464.67;124092821.56;65450485.13;3
353060;UNIMED PATOS DE MINAS COOPERATIVA TRABALHO MÉDICO LTDA.;MG;Cooperativa Médica;368867851.36;122955950.45;64532449.25;3
359777;UNIMED RONDONOPOLIS COOPERATIVA DE TRABALHO MÉDICO LTDA;MT;Cooperativa Médica;367322420.42;122440806.81;64147777.39;3
333051;UNIMED DE GUARULHOS COOPERATIVA DE TRABALHO MÉDICO;SP;Cooperativa Médica;367132323.68;122377441.23;65892205.42;3
304883;UNIMED DE BOTUCATU COOPERATIVA DE TRABALHO MÉDICO;SP;Cooperativa Médica;366702415.73;122234138.58;60893462.07;3
350371;UNIMED DO SUDOESTE COOPERATIVA DE TRABALHO MEDICO LTDA;BA;Cooperativa Médica;362688628.58;120896209.53;61682375.71;3
342556;ASSOCIAÇÃO DR. BARTHOLOMEU TACCHINI;RS;Filantropia;358449946.17;119483315.39;67786947.75;3
354295;UNIMED CHAPECÓ - COOPERATIVA DE TRABALHO MÉDICO DA REGIÃO OESTE CATARINENSE;SC;Cooperativa Médica;357995447.8;119331815.93;66703034.3;3
358088;UNIMED LESTE PAULISTA COOPERATIVA DE TRABALHO MÉDICO;SP;Cooperativa Médica;356548527.87;118849509.29;58866010.71;3
372609;NOSSA SAÚDE - OPERADORA PLANOS PRIVADOS DE ASSISTÊNCIA  À SAÚDE LTDA.;PR;Medicina de Grupo;352700527.1;117566842.37;60046422.75;3
301574;UNIMED DE LIMEIRA COOPERATIVA DE TRABALHO MÉDICO;SP;Cooperativa Médica;346289781.91;115429927.3;64040337.59;3
345598;UNIMED AMPARO COOPERATIVA DE TRABALHO MÉDICO;SP;Cooperativa Médica;340120848.95;113373616.32;60631533.68;3
315044;FUNDAÇÃO CELESC DE SEGURIDADE SOCIAL - CELOS;SC;Autogestão;339127177.62;113042392.54;62327692.2;3
331341;UNIMED DE BEBEDOURO COOPERATIVA DE TRABALHO MÉDICO;SP;Cooperativa Médica;337395951.42;112465317.14;59252391.54;3
423173;INTEGRA ASSISTENCIA MEDICA SA;SP;Medicina de Grupo;336967830.66;112322610.22;42502973.56;3
348830;PLENA SAÚDE S.A.;SP;Medicina de Grupo;336821392.24;112273797.41;56509474.0;3
422720;AMPLA PLANOS DE SAUDE LTDA;RJ;Medicina de Grupo;331437375.75;165718687.88;44867892.35;2
320251;UNIMED RIO VERDE COOPERATIVA TRABALHO MEDICO;GO;Cooperativa Médica;324545125.56;108181708.52;55568357.09;3
314099;UNIMED VALE DO SEPOTUBA - COOPERATIVA DE TRABALHO MÉDICO;MT;Cooperativa Médica;320434899.13;106811633.04;56673309.89;3
347507;UNIMED CENTRO RONDÔNIA COOPERATIVA DE TRABALHO MÉDICO;RO;Cooperativa Médica;319288639.12;106429546.37;58245418.22;3
379280;LIV LINHAS INTELIGENTES DE ATENÇÃO À VIDA S/A;SP;Medicina de Grupo;318732361.88;106244120.63;56569888.28;3
310522;PROASA SAÚDE;DF;Medicina de Grupo;313811827.38;104603942.46;60794105.27;3
311375;UNIMED PELOTAS/RS - COOPERATIVA DE ASSISTÊNCIA À SAÚDE LTDA.;RS;Cooperativa Médica;313513052.48;104504350.83;55444297.15;3
371106;UNIMED COSTA OESTE - COOPERATIVA DE TRABALHO MÉDICO;PR;Cooperativa Médica;313511935.92;104503978.64;57474829.38;3
303739;SERMED-SAÚDE LTDA.;SP;Medicina de Grupo;310234238.72;103411412.91;54075343.07;3
416401;CAIXA DE ASSISTÊNCIA DOS EMPREGADOS DA EMPRESA BRASILEIRA DE PESQUISA  AGROPECUÁRIA;DF;Autogestão;307638801.52;102546267.17;57162375.85;3
324493;S.P.A SAUDE- SISTEMA DE PROMOÇÃO ASSISTENCIAL;SP;Autogestão;306933383.98;102311127.99;52466845.21;3
411752;ASSOCIAÇÃO ASSISTENCIAL DE SAÚDE SUPLEMENTAR CRUZ AZUL SAÚDE;SP;Medicina de Grupo;306300092.44;102100030.81;45071923.68;3
326755;ASSOCIAÇÃO EVANGELICA BENEFICENTE DE LONDRINA;PR;Filantropia;302859774.19;100953258.06;55787878.14;3
354562;IRMANDADE DA SANTA CASA DE MISERICÓRDIA DE PIRACICABA;SP;Filantropia;302602263.19;100867421.06;59806112.77;3
357260;UNIMED NOROESTE/RS - SOCIEDADE COOPERATIVA DE ASSISTÊNCIA À SAÚDE LTDA.;RS;Cooperativa Médica;297272578.11;99090859.37;51895192.81;3
337871;UNIMED RIO BRANCO COOPERATIVA DE TRABALHO MEDICO LTDA;AC;Cooperativa Médica;296848842.04;98949614.01;49336162.88;3
344362;SÃO LUCAS SAÚDE S/A;SP;Medicina de Grupo;292170012.54;97390004.18;49021610.82;3
314668;ABERTTA SAÚDE - ASSOCIAÇÃO BENEFICENTE DOS EMPREGADOS DA ARCELORMITTAL NO BRASIL;MG;Autogestão;291908425.8;97302808.6;51661658.25;3
414581;UNIÃO MÉDICA PLANOS DE SAÚDE S/A;BA;Medicina de Grupo;289990393.07;96663464.36;50165318.41;3
371629;UNIMED NOROESTE CAPIXABA COOPERATIVA DE TRABALHO MÉDICO.;ES;Cooperativa Médica;281518209.86;93839403.29;49828342.74;3
306126;UNIMED DE RIO CLARO SP COOPERATIVA DE TRABALHO MEDICO;SP;Cooperativa Médica;276786272.61;92262090.87;48765884.34;3
315567;FUNDAÇÃO AFFEMG DE ASSISTÊNCIA E SAÚDE - FUNDAFFEMG;MG;Autogestão;275181584.59;91727194.86;46636250.82;3
338648;FUNDAÇÃO SANEPAR DE ASSISTÊNCIA SOCIAL;PR;Autogestão;272995821.77;90998607.26;39377465.02;3
370681;UNIMED PATO BRANCO SOCIEDADE COOPERATIVA DE MÉDICOS;PR;Cooperativa Médica;270669356.26;90223118.75;46320133.13;3
420166;PLANO DE SAÚDE DA SANTA CASA DE BRAGANÇA PAULISTA;SP;Medicina de Grupo;268149125.15;89383041.72;45032684.62;3
414492;LIFE EMPRESARIAL SAÚDE LTDA.;SP;Medicina de Grupo;267523039.22;89174346.41;49314032.54;3
409243;SAUDE PAS - MEDICINA E ODONTO;RS;Autogestão;267000537.63;89000179.21;46575316.49;3
417548;CAIXA DE ASSISTÊNCIA OSWALDO CRUZ;RJ;Autogestão;266353458.15;88784486.05;46180478.98;3
323993;UNIMED PETROPOLIS-RJ COOPERATIVA DE TRABALHO MÉDICO;RJ;Cooperativa Médica;265810742.19;88603580.73;45492360.68;3
333662;UNIMED DE DOURADOS COOPERATIVA DE TRABALHO MÉDICO LTDA;MS;Cooperativa Médica;264311940.31;88103980.1;50175502.65;3
311294;UNIMED DE OURINHOS - COOPERATIVA DE TRABALHO MÉDICO;SP;Cooperativa Médica;257550152.4;85850050.8;44502089.57;3
306762;UNIMED REGIONAL JAU - COOPERATIVA DE TRABALHO MÉDICO;SP;Cooperativa Médica;255769897.94;85256632.65;43928402.39;3
364860;UNIMED DE TUBARAO - COOPERATIVA DE TRABALHO MEDICO DA REGIAO DA AMUREL;SC;Cooperativa Médica;252993697.96;84331232.65;47130526.57;3
342807;SANTA CASA DE MISERICÓRDIA DE JUIZ DE FORA;MG;Filantropia;252453084.01;84151028.0;46528402.43;3
352543;UNIMED MARANHÃO DO SUL - COOPERATIVA DE TRABALHO MÉDICO;MA;Cooperativa Médica;249069490.28;83023163.43;52276621.89;3
319384;UNIMED PLANALTO MÉDIO/RS - COOPERATIVA DE ASSISTÊNCIA À SAÚDE LTDA.;RS;Cooperativa Médica;248344398.32;82781466.11;42032082.26;3
415774;CABERJ INTEGRAL SAÚDE S.A;RJ;Medicina de Grupo;241179760.44;80393253.48;41328685.58;3
415693;POLICLIN SAÚDE S/A.;SP;Medicina de Grupo;240942465.18;80314155.06;40838274.83;3
369411;UNIMED DE ARACATUBA - COOPERATIVA DE TRABALHO MÉDICO;SP;Cooperativa Médica;239395679.28;79798559.76;41055651.64;3
416568;ASSOCIAÇÃO DE ASSISTÊNCIA À SAÚDE DOS EMPREGADOS DA COPASA;MG;Autogestão;235810962.7;78603654.23;39781621.11;3
328537;MED-TOUR ADMINISTRADORA DE BENEFÍCIOS E EMPREENDIMENTOS LTDA.;SP;Medicina de Grupo;233547270.26;77849090.09;41005922.88;3
306100;UNIMED REGIONAL DE CAMPO MOURÃO COOP TRAB MEDICO ;PR;Cooperativa Médica;232269549.15;77423183.05;40229403.48;3
385255;UNIHOSP SAÚDE LTDA;SP;Medicina de Grupo;232219864.11;77406621.37;40522792.95;3
354511;OPERADORA UNIESTE DE PLANOS DE SAÚDE LTDA;RJ;Medicina de Grupo;232149041.45;77383013.82;39916469.16;3
418650;MÚTUA DOS MAGISTRADOS DO ESTADO DO RIO DE JANEIRO;RJ;Autogestão;230916219.9;76972073.3;42167052.79;3
356123;UNIMED DO CARIRI - SOCIEDADE COOPERATIVA MÉDICA LTDA;CE;Cooperativa Médica;228496114.87;76165371.62;42286897.13;3
357138;UNIMED CENTRO OESTE PAULISTA - FEDERAÇÃO INTRAFEDERATIVA DAS COOPERATIVAS MÉDICAS;SP;Cooperativa Médica;224966731.37;74988910.46;41267119.29;3
311961;UNIMED DE MANAUS COOP. DO TRABALHO MÉDICO LTDA;AM;Cooperativa Médica;224406464.48;74802154.83;48952279.39;3
312347;UNIMED ANÁPOLIS COOPERATIVA DE TRABALHO MÉDICO.;GO;Cooperativa Médica;217983977.9;72661325.97;36136474.05;3
344729;UNIMED VARGINHA COOPERATIVA DE TRABALHO MÉDICO;MG;Cooperativa Médica;215367018.67;71789006.22;36039138.55;3
311715;UNIMED ENCOSTA DA SERRA/RS SOCIEDADE COOPERATIVA DE SERVIÇOS DE SAÚDE LTDA.;RS;Cooperativa Médica;214761245.96;71587081.99;38856247.29;3
318566;UNIMED METROPOLITANA DO AGRESTE - COOPERATIVA DE TRABALHO MÉDICO;AL;Cooperativa Médica;212484328.5;70828109.5;36624163.0;3
316881;UNIMED TEOFILO OTONI COOPERATIVA DE TRABALHO MÉDICO;MG;Cooperativa Médica;211868397.56;70622799.19;36836646.03;3
406554;ASSOCIAÇÃO ADVENTISTA NORTE BRASILEIRA DE PREVENÇÃO E ASSISTÊNCIA A SAÚDE;PA;Filantropia;210506068.05;70168689.35;35152872.19;3
324345;UNIMED COSTA DO DESCOBRIMENTO COOPERATIVA DE TRABALHO MÉDICO;BA;Cooperativa Médica;210026459.83;70008819.94;38031857.6;3
335215;UNIMED ARARUAMA COOPERATIVA DE TRABALHO MÉDICO LTDA;RJ;Cooperativa Médica;205046150.95;68348716.98;37608441.52;3
309907;UNIMED PALMAS COOPERATIVA DE TRABALHO MÉDICO;TO;Cooperativa Médica;202829962.61;67609987.54;33028365.53;3
316873;CAIXA DE ASSISTENCIA A SAUDE DA UNIVERSIDADE;MG;Autogestão;202151456.02;67383818.67;35708599.59;3
336831;IRMANDADE SANTA CASA DE MISERICÓRDIA DE MARINGÁ;PR;Filantropia;201605891.85;67201963.95;36892544.26;3
414352;HBC SAÚDE LTDA.;SP;Medicina de Grupo;200276927.6;66758975.87;35047515.48;3
417947;ASSOCIAÇÃO DA SANTA CASA SAÚDE DE RIBEIRÃO PRETO;SP;Medicina de Grupo;197136893.67;65712297.89;32483611.75;3
313211;UNIMED VALE DO CAÍ/RS - COOPERATIVA DE ASSISTÊNCIA À SAÚDE LTDA.;RS;Cooperativa Médica;195039889.26;65013296.42;33471773.43;3
371777;UNIMED NORTE CAPIXABA- COOPERATIVA DE TRABALHO MÉDICO;ES;Cooperativa Médica;195037538.07;65012512.69;35519405.03;3
356476;SIM - CAIXA DE ASSISTÊNCIA À SAÚDE;SC;Autogestão;194302168.74;64767389.58;34666246.05;3
345709;UNIMED CONSELHEIRO LAFAIETE COOPERATIVA DE TRABALHO MÉDICO LTDA;MG;Cooperativa Médica;188092315.02;62697438.34;33798256.28;3
318299;BENEFICENCIA CAMILIANA DO SUL;SP;Filantropia;183707135.45;91853567.72;48579473.4;2
304468;UNIMED BARRA DO GARÇAS - COOPERATIVA DE TRABALHO MÉDICO;MT;Cooperativa Médica;182620294.12;60873431.37;31857647.6;3
351407;UNIMED DE CATANDUVA - COOPERATIVA DE TRABALHO MÉDICO;SP;Cooperativa Médica;182413160.22;60804386.74;30488083.6;3
350699;CENTRO HOSPITALAR ATIBAIA LTDA.;SP;Medicina de Grupo;181915517.64;60638505.88;34510790.74;3
307751;FUNDAÇAO COMPESA DE PREVIDENCIA E ASSISTENCIA - COMPESAPREV;PE;Autogestão;181158537.07;60386179.02;33430737.41;3
358053;SELECT OPERADORA DE PLANO DE SAUDE LTDA;GO;Medicina de Grupo;180024727.03;60008242.34;51004408.97;3
304395;UNIMED INCONFIDENTES COOPERATIVA DE TRABALHO MÉDICO LTDA.;MG;Cooperativa Médica;178982695.91;59660898.64;31868331.75;3
322571;UNIMED GUARAPUAVA COOPERATIVA DE TRABALHO MÉDICO;PR;Cooperativa Médica;178646903.27;59548967.76;31859283.13;3
342611;ECONOMUS INSTITUTO DE SEGURIDADE SOCIAL;SP;Autogestão;178298194.19;59432731.4;36578636.96;3
300713;UNIMED DE ASSIS COOPERATIVA DE TRABALHO MÉDICO;SP;Cooperativa Médica;178123533.01;59374511.0;30349356.46;3
419141;ASSOCIAÇÃO SÃO FRANCISCO VIDA;SP;Medicina de Grupo;177665313.62;59221771.21;32829034.11;3
346209;UNIMED EXTREMO SUL COOPERATIVA DE TRABALHO MÉDICO;BA;Cooperativa Médica;175852571.21;58617523.74;28217553.85;3
304051;UNIMED MONTES CLAROS COOPERATIVA DE  TRABALHO MÉDICO LTDA.;MG;Cooperativa Médica;174966172.18;58322057.39;32279763.26;3
330264;UNIMED DE BARRA MANSA SOC. COOP. SERV.MED.E HOSPIT.;RJ;Cooperativa Médica;174817471.41;58272490.47;31689236.67;3
347655;IRMANDADE DA SANTA CASA DE MISERICÓRDIA DE RIO CLARO;SP;Filantropia;174461997.56;58153999.19;32698531.78;3
300136;UNIMED LITORAL SUL/RS - COOPERATIVA DE ASSISTÊNCIA À SAÚDE LTDA.;RS;Cooperativa Médica;172998656.12;57666218.71;28979409.07;3
304131;ASSOCIAÇÃO BENEFICENTE DE ASSISTÊNCIA A SAÚDE DOS JUÍZES DO TRABALHO DA 15ª REGIÃO (ABAS 15);SP;Autogestão;172371486.67;57457162.22;29779083.33;3
414310;SAÚDE BRB - CAIXA DE ASSISTÊNCIA ;DF;Autogestão;171799947.76;57266649.25;30689211.77;3
330566;UNIMED RESENDE COOPERATIVA DE TRABALHO MÉDICO;RJ;Cooperativa Médica;170667850.37;56889283.46;31525961.36;3
401081;AMESC - ASSOCIAÇÃO MÉDICA ESPÍRITA CRISTÃ;RJ;Medicina de Grupo;170379372.68;56793124.23;27843581.15;3
386596;CENTRAL REGIONAL DAS COOPERATIVAS MÉDICAS - UNIMED CERRADO;GO;Cooperativa Médica;170134268.14;56711422.71;27542354.74;3
330108;UNIMED CURVELO COOPERATIVA DE TRABALHO MÉDICO LTDA.;MG;Cooperativa Médica;169658908.35;56552969.45;29159560.25;3
318388;UNIMED DE SÃO ROQUE - COOPERATIVA DE TRABALHO MÉDICO;SP;Cooperativa Médica;164779634.99;54926545.0;31255501.93;3
335754;ASSOCIAÇÃO DOS SERVIDORES FISCAIS DO ESTADO DA BAHIA;BA;Autogestão;163756707.67;54585569.22;28381149.57;3
312592;UNIMED NORTE FLUMINENSE COOPERATIVA DE TRABALHO MEDICO;RJ;Cooperativa Médica;163493478.53;54497826.18;29182758.09;3
361615;UNIMED DE PARANAGUÁ COOPERATIVA DE TRABALHO MÉDICO;PR;Cooperativa Médica;162492132.95;54164044.32;28204064.58;3
316148;UNIMED POÇOS DE CALDAS - SOC. COOP. DE TRAB. E SERVIÇOS MÉDICOS;MG;Cooperativa Médica;160617920.02;53539306.67;29928718.64;3
311618;UNIMED MISSÕES/RS - COOPERATIVA DE ASSISTÊNCIA À SAÚDE LTDA.;RS;Cooperativa Médica;159984824.27;53328274.76;26687808.64;3
420158;ASSOCIAÇÃO PADRE ALBINO SAÚDE;SP;Medicina de Grupo;157700309.79;52566769.93;31650585.72;3
327557;CAIXA ASSISTENCIAL E BENEFICENTE DOS FUNCIONÁRIOS DA ACARESC;SC;Autogestão;157657845.97;52552615.32;26569051.86;3
382540;ASSOCIAÇÃO BENEFICENTE DOS PROFESSORES PÚBLICOS ATIVOS E INATIVOS DO RIO DE JANEIRO - APPAI;RJ;Medicina de Grupo;154743072.98;51581024.33;28904676.45;3
320862;UNIMED DE PARANAVAÍ COOPERATIVA DE TRABALHO MÉDICO;PR;Cooperativa Médica;152077046.45;50692348.82;27070668.69;3
329886;UNIMED DE JABOTICABAL COOP. DE TRABALHO MÉDICO;SP;Cooperativa Médica;151311274.68;50437091.56;27159837.89;3
328294;UNIMED NORDESTE PAULISTA - FED. INTRAFEDERATIVA DAS COOP. MÉDICAS;SP;Cooperativa Médica;150837244.99;50279081.66;26718203.73;3
414930;SAÚDE SANTA TEREZA LTDA.;SP;Medicina de Grupo;150181089.83;50060363.28;26554053.77;3
330809;FUNDAÇÃO DE SEGURIDADE SOCIAL DA ARCELORMITTAL BRASIL - FUNSSEST;ES;Autogestão;149187189.42;49729063.14;21372429.29;3
421197;SANTA CASA DE MAUÁ SAÚDE;SP;Medicina de Grupo;147731706.07;49243902.02;25653428.16;3
359122;CAIXA DE ASSISTÊNCIA DOS SERVIDORES FAZENDÁRIOS ESTADUAIS;CE;Autogestão;146452853.01;48817617.67;24600761.74;3
318477;OPERADORA UNICENTRAL DE PLANOS DE SAÚDE LTDA.;SP;Medicina de Grupo;144260447.36;48086815.79;21591234.16;3
417297;ELOSAÚDE - ASSOCIAÇÃO DE ASSISTÊNCIA À SAÚDE;SC;Autogestão;144009999.89;48003333.3;24760323.31;3
305227;UNIMED OESTE DO PARANA - COOPERATIVA DE TRABALHO MEDICO;PR;Cooperativa Médica;143395589.55;47798529.85;25562211.78;3
305472;UNIMED REGIONAL SUL GOIAS COOP. DE TRABALHO MÉDICO LTDA;GO;Cooperativa Médica;143273945.12;47757981.71;24843678.75;3
348244;UNIMED DE BRUSQUE COOPERATIVA DE TRABALHO MÉDICO;SC;Cooperativa Médica;141508677.94;47169559.31;25872020.92;3
358096;UNIMED APUCARANA COOPERATIVA DE TRABALHO MÉDICO;PR;Cooperativa Médica;140498701.2;46832900.4;24059890.28;3
322831;UNIMED ITAJUBA COOPERATIVA DE TRABALHO MEDICO;MG;Cooperativa Médica;140292190.83;46764063.61;26288781.4;3
363855;CAIXA DE ASSISTÊNCIA DOS EMPREGADOS DA SANEAGO;GO;Autogestão;139854757.06;46618252.35;23985822.0;3
421341;CAIXA DE ASSISTÊNCIA À SAÚDE DOS SERVIDORES PÚBLICOS DO ESTADO DO MATO GROSSO DO SUL;MS;Autogestão;139668881.01;46556293.67;24412399.96;3
361941;UNIMED DE TATUI - COOPERATIVA DE TRABALHO MÉDICO;SP;Cooperativa Médica;139444577.39;46481525.8;21783961.04;3
325236;ASSISTÊNCIA MÉDICA SÃO MIGUEL LTDA;SP;Medicina de Grupo;138393653.11;46131217.7;25625460.04;3
336858;UNIMED FRANCISCO BELTRAO COOPERATIVA DE TRABALHO MEDICO;PR;Cooperativa Médica;137928831.77;45976277.26;25919783.7;3
418374;LUMINAR SAÚDE - ASSOCIAÇÃO DE ASSISTÊNCIA À SAÚDE;DF;Autogestão;137397484.59;45799161.53;22605394.85;3
417599;ASSOCIAÇAO DOS FUNCIONARIOS PUBLICOS DO ESTADO DO RIO GRANDE DO SUL;RS;Filantropia;137189112.48;45729704.16;22285538.47;3
362140;UNIMED OESTE DO PARÁ - COOPERATIVA DE TRABALHO MÉDICO;PA;Cooperativa Médica;136042176.96;45347392.32;22217947.82;3
311359;FUNDAÇÃO DE SAÚDE ITAIGUAPY;PR;Medicina de Grupo;135738992.32;45246330.77;25186246.73;3
422398;SAMI ASSISTÊNCIA MÉDICA LTDA;SP;Medicina de Grupo;135105053.22;45035017.74;21846865.97;3
368920;AGROS - INSTITUTO UFV DE SEGURIDADE SOCIAL;MG;Autogestão;134638470.21;44879490.07;23921228.92;3
418803;ASSOCIAÇÃO SANTA CASA SAÚDE DE ARAÇATUBA;SP;Medicina de Grupo;134244445.96;44748148.65;23783723.64;3
304344;UNIMED PARÁ DE MINAS COOPERATIVA DE TRABALHO MÉDICO LTDA.;MG;Cooperativa Médica;133749783.71;44583261.24;23391644.95;3
323926;UNIMED SÃO JOÃO DEL REI - COOPERATIVA DE TRABALHO MÉDICO;MG;Cooperativa Médica;133503956.58;44501318.86;23834208.52;3
406481;METLIFE PLANOS ODONTOLÓGICOS LTDA.;SP;Odontologia de Grupo;132604781.91;44201593.97;22424673.7;3
343064;GARANTIA DE SAÚDE LTDA;SP;Medicina de Grupo;132253115.94;44084371.98;22097915.49;3
423661;NOVA SAÚDE OPERADORA INTEGRADA DE SAÚDE LTDA;RJ;Medicina de Grupo;131816169.01;43938723.0;22949038.25;3
352314;UNIMED JOÃO MONLEVADE COOPERATIVA DE TRABALHO MÉDICO LTDA.;MG;Cooperativa Médica;130663071.93;43554357.31;23812721.27;3
415014;UNIMED OS BANDEIRANTES COOPERATIVA DE TRABALHO MÉDICO;SP;Cooperativa Médica;128144955.44;42714985.15;19137563.54;3
416801;UNIMED SAÚDE E ODONTO S.A;SP;Medicina de Grupo;127843897.04;42614632.35;24004438.21;3
357022;UNIMED ERECHIM - COOPERATIVA DE SERVIÇOS DE SAÚDE LTDA.;RS;Cooperativa Médica;127502935.17;42500978.39;21196262.43;3
350494;UNIODONTO DE CAMPINAS COOPERATIVA ODONTOLÓGICA;SP;Cooperativa odontológica;127133840.98;42377946.99;22713129.29;3
352179;UNIMED FRONTEIRA NOROESTE/RS - COOPERATIVA DE ASSISTÊNCIA À SAÚDE LTDA.;RS;Cooperativa Médica;126246871.21;42082290.4;22603693.3;3
320897;UNIMED CENTRO SUL FLUMINENSE COOPERATIVA DE TRABALHO MÉDICO;RJ;Cooperativa Médica;126162844.58;42054281.53;23741137.38;3
422681;GOCARE PLANOS DE SAUDE LTDA;SP;Medicina de Grupo;125695517.48;41898505.83;17567761.12;3
319422;IRMANDADE DA SANTA CASA DE MISERICORDIA DE LIMEIRA;SP;Filantropia;125375353.84;41791784.61;22180135.62;3
334154;UNIMED DE CAÇAPAVA - COOPERATIVA DE TRABALHO MEDICO;SP;Cooperativa Médica;123745396.45;41248465.48;22003850.12;3
416738;OESTE SAÚDE ASSISTÊNCIA A SAÚDE SUPLEMENTAR S.A;SP;Medicina de Grupo;123207680.6;41069226.87;22983359.96;3
359289;UNIMED VALE DO AÇO COOPERATIVA DE TRABALHO MÉDICO;MG;Cooperativa Médica;123046283.01;61523141.5;32406671.7;2
335517;UNIMED ITABIRA COOPERATIVA DE TRABALHO MÉDICO;MG;Cooperativa Médica;122919756.21;40973252.07;22331271.04;3
343331;CAIXA DE ASSISTÊNCIA DOS EMPREGADOS DO SISTEMA FINANCEIRO BANESTES;ES;Autogestão;122666473.39;40888824.46;20170370.57;3
372561;UNIMED ALTO VALE - COOPERATIVA DE TRABALHO MÉDICO;SC;Cooperativa Médica;120665406.39;40221802.13;21190598.14;3
325031;UNIMED DE LENÇOIS PAULISTA - COOPERATIVA DE TRABALHO MÉDICO;SP;Cooperativa Médica;120215116.18;40071705.39;20199500.22;3
331651;UNIMED ARAXÁ COOPERATIVA DE TRABALHO MÉDICO LTDA.;MG;Cooperativa Médica;120164273.22;40054757.74;21358209.26;3
354325;UNIMED ARAGUARI COOPERATIVA DE TRABALHO MÉDICO ;MG;Cooperativa Médica;120017534.83;40005844.94;20878366.08;3
361461;VIVACOM PLANOS DE SAÚDE;GO;Autogestão;119386697.32;39795565.77;20723598.47;3
324566;UNIMED DE CATALÃO COOPERATIVA DE TRABALHO MÉDICO;GO;Cooperativa Médica;117921845.32;39307281.77;20417977.5;3
354279;UNIMED DE LINS - COOPERATIVA DE TRABALHOS MÉDICOS;SP;Cooperativa Médica;117606848.65;39202282.88;18826745.64;3
309087;UNIMED BARBACENA - COOPERATIVA DE TRABALHO MÉDICO LTDA;MG;Cooperativa Médica;117391545.01;39130515.0;22344291.18;3
416690;ASSOCIAÇÃO DE ASSISTÊNCIA À SAÚDE DA AMAGIS;MG;Autogestão;116906421.07;38968807.02;21263188.64;3
414573;UNIMED CENTRO PAULISTA - FEDERAÇÃO INTRAFEDERATIVA DAS COOPERATIVAS MÉDICAS;SP;Cooperativa Médica;113967236.26;37989078.75;19632553.53;3
343463;PLAMED PLANO DE ASSISTENCIA MEDICA LTDA;SE;Medicina de Grupo;113782654.12;37927551.37;20364674.54;3
418731;ASSOCIAÇÃO DE SAÚDE DOS FORNECEDORES DE CANA DE PIRACICABA E REGIÃO;SP;Medicina de Grupo;112454503.39;37484834.46;20416157.51;3
394734;AMEPLAN ASSISTÊNCIA MÉDICA PLANEJADA LTDA;SP;Medicina de Grupo;112422448.87;37474149.62;17278835.39;3
338346;SULMED - ASSISTÊNCIA MÉDICA LTDA;RS;Medicina de Grupo;111230671.76;37076890.59;20115872.13;3
395480;ESMALE ASSISTENCIA INTERNACIONAL DE SAUDE LTDA.;AL;Medicina de Grupo;110856960.73;36952320.24;18658674.0;3
340251;UNIMED EXTREMO OESTE CATARINENSE COOPERATIVA DE TRABALHO MÉDICO;SC;Cooperativa Médica;109334515.01;36444838.34;18502305.67;3
315265;PARANA ASSISTENCIA MEDICA LTDA;PR;Medicina de Grupo;109267670.24;36422556.75;19948586.97;3
410292;FUNDACAO LEONOR DE BARROS CAMARGO;SP;Filantropia;108985730.8;36328576.93;19914617.3;3
314251;CAIXA ASSISTENCIAL UNIVERSITÁRIA DO RIO GRANDE DO NORTE;RN;Autogestão;108947009.16;36315669.72;18678765.18;3
422631;ASSOCIAÇÃO PETROBRAS DE SAÚDE - APS;RJ;Autogestão;107218871.94;35739623.98;6557168.35;3
365777;UNIMED NOROESTE DO PARANÁ COOP DE TRABALHO MÉDICO .;PR;Cooperativa Médica;106889068.25;35629689.42;20565367.89;3
416495;MATÃO CLINICAS & AMHMA SAÚDE LTDA;SP;Medicina de Grupo;106496175.9;35498725.3;17802932.61;3
365238;UNIMED DE IBITINGA COOPERATIVA DE TRABALHO MÉDICO;SP;Cooperativa Médica;106418946.51;35472982.17;17780880.38;3
324159;UNIMED ALTA MOGIANA COOPERATIVA DE TRABALHO MÉDICO;SP;Cooperativa Médica;106102763.34;35367587.78;19103391.36;3
368148;UNIMED MURIAÉ COOPERATIVA DE TRABALHO MEDICO LTDA;MG;Cooperativa Médica;105752643.41;35250881.14;17621424.07;3
355577;UNIMED DE GUARATINGUETA-COOPERATIVA DE TRABALHO MÉDICO;SP;Cooperativa Médica;105498786.47;35166262.16;18690010.25;3
422771;TEMPO MED PLANO DE SAUDE LTDA;SC;Medicina de Grupo;105030125.31;35010041.77;21975288.04;3
366064;UNIMED NORTE PIONEIRO - COOPERATIVA DE TRABALHO MÉDICO;PR;Cooperativa Médica;104747411.56;34915803.85;19119460.12;3
417211;ASSOCIAÇÃO MINEIRA DE ASSISTÊNCIA À SAÚDE DOS MEMBROS DO MINISTÉRIO PÚBLICO;MG;Autogestão;104700196.46;34900065.49;18853609.97;3
421766;BEST SENIOR OPERADORA DE SAÚDE LTDA;ES;Medicina de Grupo;104629654.13;34876551.38;22336158.7;3
303178;UNIMED DE SOBRAL SOCIEDADE COOPERATIVA MÉDICA LTDA;CE;Cooperativa Médica;103332531.79;34444177.26;18495666.76;3
323357;UNIMED CABO FRIO COOPERATIVA TRABALHO MÉDICO LTDA.;RJ;Cooperativa Médica;102442705.88;34147568.63;18871274.93;3
416398;HOSPITAIS E CLÍNICAS DO PIAUÍ S/S LTDA;PI;Medicina de Grupo;102401803.71;34133934.57;18065403.08;3
417955;ASSOCIAÇÃO DE ASSISTÊNCIA MÉDICO HOSPITALAR DOS MAGISTRADOS DO ESTADO DO PARANÁ;PR;Autogestão;102229425.85;34076475.28;19711853.27;3
353027;UNIMED SUL PAULISTA - COOPERATIVA DE TRABALHO MÉDICO;SP;Cooperativa Médica;102217995.45;34072665.15;17479871.29;3
337498;UNIMED TRÊS RIOS COOPERATIVA DE TRABALHO MÉDICO;RJ;Cooperativa Médica;102144091.75;34048030.58;17072757.55;3
412295;CAIXA DE ASSISTÊNCIA À SAUDE DOS EMPREGADOS DA CODEVASF - CASEC;DF;Autogestão;101954956.9;33984985.63;14602953.35;3
345458;UNIMED LAVRAS COOPERATIVA DE TRABALHO MÉDICO;MG;Cooperativa Médica;100477134.36;33492378.12;17833358.84;3
346951;UNIMED CAÇADOR COOPERATIVA DE TRABALHO MÉDICO DA REGIÃO DO CONTESTADO;SC;Cooperativa Médica;99483453.45;33161151.15;17708804.16;3
418587;AMHA SAUDE S/A;SP;Medicina de Grupo;99309018.54;33103006.18;16634151.52;3
417815;SUL AMÉRICA ODONTOLÓGICO S/A;SP;Odontologia de Grupo;98848719.7;32949573.23;16678401.46;3
421731;AMHE MED ASSISTENCIA A SAUDE LTDA - EPP;SP;Medicina de Grupo;98645767.39;32881922.46;25992624.73;3
345091;SANTA CASA DE MISERICORDIA DE SAO JOAQUIM DA BARRA;SP;Filantropia;98229934.58;32743311.53;17678347.79;3
335541;UNIMED VALE DAS ANTAS, RS - COOPERATIVA DE ASSISTÊNCIA À SAÚDE LTDA.;RS;Cooperativa Médica;98128852.2;32709617.4;13195840.89;3
301744;UNIMED MEIO OESTE CATARINENSE COOPERATIVA DE TRABALHO MÉDICO;SC;Cooperativa Médica;98065819.7;32688606.57;16138276.24;3
352586;SISTEMAS E PLANOS DE SAÚDE LTDA.;SP;Medicina de Grupo;97829993.22;32609997.74;16518040.08;3
419427;INSTITUIÇÃO BENEFICENTE CEL MASSOT - IBCM;RS;Autogestão;97421282.1;32473760.7;19434951.57;3
420000;ASSOCIAÇÃO DO PLANO DE SAÚDE DA SANTA CASA DE MISERICÓRDIA DE ITABUNA - PLANSUL;BA;Medicina de Grupo;96428559.75;32142853.25;16115874.74;3
311146;UNIMED COSTA VERDE RJ;RJ;Cooperativa Médica;95284691.2;31761563.73;15223236.0;3
422321;ASSOCIAÇÃO DE SAÚDE DO VALE;SC;Medicina de Grupo;94716136.26;31572045.42;17718253.02;3
417661;CAIXA DE ASSISTÊNCIA À SAÚDE DO SINDICATO DOS FUNCIONÁRIOS INTEGRANTES DO GRUPO OCUPACIONAL ADMINISTRAÇÃO TRIBUTÁRIA DO ESTADO DE PERNAMBUCO;PE;Autogestão;94716086.22;31572028.74;17337494.58;3
360414;UNIMED NOROESTE FLUMINENSE - COOPERATIVA DE TRABALHO MÉDICO LTDA;RJ;Cooperativa Médica;94388331.58;31462777.19;16149796.12;3
370088;UNIMED SÃO LOURENÇO COOPERATIVA DE TRABALHO MÉDICO;MG;Cooperativa Médica;93939103.67;31313034.56;15479711.91;3
477;OPERADORA INATIVA/DESCONHECIDA;ND;Desconhecida;93880682.42;93880682.42;0.0;1
343676;SAMOC S.A. - SOCIEDADE ASSISTENCIAL MÉDICA E ODONTO CIRÚRGICA;RJ;Medicina de Grupo;92907481.17;30969160.39;16002046.43;3
419150;ASSOCIAÇÃO MAIS SAÚDE SANTA CASA DE SÃO JOÃO DA BOA VISTA;SP;Medicina de Grupo;92453998.43;30817999.48;18081251.59;3
323055;UNIMED NORTE PAULISTA - COOPERATIVA DE TRABALHO MÉDICO;SP;Cooperativa Médica;92021923.75;30673974.58;15359121.45;3
378216;FUNDAÇÃO LIBERTAS DE SEGURIDADE SOCIAL;MG;Autogestão;91951231.91;30650410.64;15571998.4;3
403962;SÃO FRANCISCO ASSISTÊNCIA MÉDICA LTDA;PE;Medicina de Grupo;91717788.82;30572596.27;16114296.61;3
421006;ASSOCIAÇÃO SÃO LUIZ SAÚDE;SP;Medicina de Grupo;90961872.43;30320624.14;14398749.07;3
349534;OPERADORA INATIVA/DESCONHECIDA;ND;Desconhecida;87816832.49;43908416.24;23864702.31;2
304484;DENTAL UNI - COOPERATIVA ODONTOLÓGICA;PR;Cooperativa odontológica;87713379.45;29237793.15;15357008.94;3
301060;UNIMED ITUIUTABA COOPERATIVA TRABALHO MÉDICO LTDA.;MG;Cooperativa Médica;87554988.86;29184996.29;14970768.05;3
301728;PRONTOMED PLANOS DE SAÚDE LTDA;MG;Medicina de Grupo;87551007.61;29183669.2;15666449.9;3
333808;IRMANDADE DE MISERICÓRDIA DO HOSPITAL DA SANTA CASA DE MONTE ALTO;SP;Filantropia;87206019.11;29068673.04;15287573.07;3
356581;UNIMED ITAÚNA COOPERATIVA DE TRABALHO MÉDICO LTDA.;MG;Cooperativa Médica;86998586.41;28999528.8;14455308.57;3
422070;ELETROS SAÚDE - ASSOCIAÇÃO DE ASSISTÊNCIA À SAÚDE;RJ;Autogestão;85860669.92;28620223.31;16879237.34;3
411582;PLANO DE SAUDE ASES LTDA.;RJ;Medicina de Grupo;85759484.04;28586494.68;14636200.34;3
317012;COOPERATIVA DE TRABALHO MÉDICO DO PLANALTO NORTE DE SANTA CATARINA LTDA;SC;Cooperativa Médica;85630265.58;28543421.86;14348338.65;3
419052;AMAZÔNIA PLANOS DE SAÚDE LTDA;PA;Medicina de Grupo;85629234.85;28543078.28;15311424.87;3
419486;PLADISA PLANOS DE SAÚDE SA;SC;Medicina de Grupo;84984001.92;28328000.64;14783945.66;3
318035;UNIMED GUAXUPÉ COOPERATIVA DE TRABALHO MEDICO;MG;Cooperativa Médica;84880229.89;28293409.96;14998121.65;3
358754;CAIXA DE ASSISTÊNCIA DOS FUNCIONÁRIOS DO BANCO DA AMAZÔNIA - CASF;PA;Autogestão;84495460.48;28165153.49;11870303.58;3
321087;UNIMED MARQUES DE VALENÇA COOPERATIVA DE TRABALHO MÉDICO LTDA.;RJ;Cooperativa Médica;84464055.56;28154685.19;15868049.7;3
345776;UNIMED DE BIRIGUI - COOPERATIVA DE TRABALHO MÉDICO;SP;Cooperativa Médica;84233327.78;28077775.93;14085383.52;3
319180;SÃO DOMINGOS SAÚDE- ASSISTÊNCIA MÉDICA  LTDA;SP;Medicina de Grupo;83073238.32;27691079.44;14996473.89;3
343684;UNIMED ALTO DA SERRA - SOCIEDADE COOPERATIVA DE SERVIÇO MÉDICO LTDA.;RS;Cooperativa Médica;82686554.04;27562184.68;14787479.34;3
364592;LEADER ASSISTÊNCIA MÉDICA E HOSPITALAR LTDA.;SP;Medicina de Grupo;81527646.44;27175882.15;12312662.78;3
333875;IRMANDADE DA SANTA CASA DE MISERICÓRDIA DE PASSOS;MG;Filantropia;79026822.81;26342274.27;13735759.54;3
370975;UNIMED VALE DO JAURU COOPERATIVA DE TRABALHO MÉDICO;MT;Cooperativa Médica;79021420.7;26340473.57;12835140.23;3
423319;ANAFE SAUDE;GO;Autogestão;78977396.93;26325798.98;13088492.29;3
406945;ASSOCIAÇÃO POLICIAL DE ASSISTÊNCIA À SAÚDE DE BAURU;SP;Autogestão;78907084.91;26302361.64;13687094.38;3
421944;ÚNICA ASSISTENCIA MEDICA LTDA ;SP;Medicina de Grupo;78806145.02;26268715.01;13669164.07;3
414905;VITA ASSISTÊNCIA A SAÚDE LTDA.;MG;Medicina de Grupo;78348700.93;26116233.64;20737275.79;3
347108;UNIMED DE BARRETOS COOPERATIVA DE TRABALHO MÉDICO;SP;Cooperativa Médica;77492133.89;25830711.3;14208551.68;3
355593;UNIMED PATROCÍNIO COOPERATIVA DE TRABALHO MÉDICO LTDA.;MG;Cooperativa Médica;76841890.05;25613963.35;13911699.52;3
304123;UNIMED DE AVARÉ COOPERATIVA DE TRABALHO MÉDICO;SP;Cooperativa Médica;76774806.39;25591602.13;13551298.09;3
415065;MAIS SAÚDE PLANO DE SAÚDE LTDA;GO;Medicina de Grupo;76217591.93;25405863.98;14236071.71;3
423335;UNITY SERVIÇOS INTEGRADOS DE SAÚDE LTDA.;DF;Medicina de Grupo;75011392.14;25003797.38;14939302.14;3
354627;UNIMED DE CIANORTE - COOPERATIVA DE TRABALHO MEDICO ;PR;Cooperativa Médica;74895743.49;24965247.83;13590726.52;3
366340;UNIMED DE CAPIVARI -COOPERATIVA DE TRABALHO MÉDICO;SP;Cooperativa Médica;74406990.5;24802330.17;12870468.3;3
320820;CAIXA DE ASSISTÊNCIA SISTEMA SAÚDE INTEGRAL-SSI SAUDE;RS;Autogestão;74177108.39;24725702.8;14299425.11;3
413160;GS PLANO GLOBAL DE SAÚDE LTDA;RJ;Medicina de Grupo;73831874.42;24610624.81;13387170.44;3
421154;SAÚDE BRASIL ASSISTÊNCIA MÉDICA LTDA.;SP;Medicina de Grupo;73641409.04;24547136.35;14916541.95;3
329355;IRMANDADE DE MISERICORDIA DE PORTO FERREIRA;SP;Filantropia;73580516.45;24526838.82;13732525.1;3
418820;CAIXA DE ASSISTÊNCIA AOS MEMBROS DA DEFENSORIA PÚBLICA DO ESTADO DO RIO DE JANEIRO;RJ;Autogestão;72109876.38;24036625.46;13490571.39;3
418919;ASSOCIAÇÃO SAÚDE SÃO JOSÉ;SC;Medicina de Grupo;71958987.79;23986329.26;13240630.64;3
348261;UNIMED ALTO SÃO FRANCISCO COOPERATIVA DE TRABALHO MÉDICO;MG;Cooperativa Médica;71588769.72;23862923.24;12803015.18;3
330281;ASSOCIAÇÃO DOS AUDITORES FISCAIS DO ESTADO DA PARAÍBA - AFRAFEP;PB;Autogestão;71175235.41;23725078.47;12253463.11;3
363286;UNIMED DE TAUBATÉ COOPERATIVA DE TRABALHO MÉDICO;SP;Cooperativa Médica;70890921.92;23630307.31;12245237.22;3
313084;COOPERATIVA DE TRABALHO MEDICO DE ARAGUAÍNA - UNIMED ARAGUAÍNA;TO;Cooperativa Médica;70435815.93;23478605.31;12283400.34;3
365530;UNIMED DE TUPA COOPERATIVA DE TRABALHO MÉDICO;SP;Cooperativa Médica;68765195.69;22921731.9;12043256.21;3
330116;SANTA CASA DE MISERICÓRDIA DE VOTUPORANGA;SP;Filantropia;68030914.97;22676971.66;11702779.6;3
416584;ASSOCIAÇÃO FUNDO DE PROTEÇÃO À SAÚDE;PR;Autogestão;67886179.34;22628726.45;11763233.52;3
385620;UNIMED DE LORENA COOPERATIVA DE TRABALHO MÉDICO;SP;Cooperativa Médica;67883564.59;22627854.86;11145890.75;3
342343;UNIMED DE PINDAMONHANGABA - COOPERATIVA TRABALHO MEDICO;SP;Cooperativa Médica;67079098.93;22359699.64;10879616.71;3
303844;UNIMED DE ANDRADINA - COOPERATIVA DE TRABALHO MÉDICO;SP;Cooperativa Médica;67037113.38;22345704.46;12463197.2;3
328308;UNIMED DE MOCOCA COOPERATIVA DE TRAB. MÉDICO;SP;Cooperativa Médica;65661406.08;21887135.36;12173892.74;3
315648;UNIMED CATAGUASES COOPERATIVA DE TRABALHO MÉDICO LTDA;MG;Cooperativa Médica;65508638.86;21836212.95;11369776.39;3
321931;CONFERÊNCIA SÃO JOSÉ DO AVAÍ;RJ;Filantropia;65490117.95;21830039.32;13337735.54;3
314587;UNIMED VIÇOSA - COOPERATIVA DE TRABALHO MÉDICO;MG;Cooperativa Médica;65271092.82;21757030.94;11462642.46;3
318213;COOPERATIVA DE TRABALHO MEDICO REGIÃO DO PLANALTO SERRANO;SC;Cooperativa Médica;65083926.66;21694642.22;12691929.0;3
415936;PLANO ODONTOLÓGICO DENTALVIDAS LTDA.;SP;Odontologia de Grupo;64954669.52;21651556.51;12121348.38;3
306754;ASSOCIAÇÃO DOS FUNCIONÁRIOS DO FISCO DO ESTADO DE GOIÁS;GO;Autogestão;64518427.29;21506142.43;11746717.97;3
314242;UNIMED DE PIRASSUNUNGA COOPERATIVA DE TRABALHO MÉDICO;SP;Cooperativa Médica;64382051.11;21460683.7;12394365.51;3
410128;ASSOCIAÇÃO POLICIAL DE ASSISTÊNCIA À SAÚDE;SP;Autogestão;63407130.37;21135710.12;11419475.6;3
418617;ASSOCIAÇÃO PARANAENSE DE ASSISTÊNCIA À SAUDE DOS MEMBROS DO MINISTERIO PUBLICO DO PARANÁ;PR;Autogestão;63351035.05;21117011.68;10442902.19;3
312282;INTERMEDICI PIRACICABA ASSISTENCIA MEDICA LTDA;SP;Medicina de Grupo;63321496.95;21107165.65;11944468.99;3
302627;CAIXA DE ASSISTÊNCIA DOS MAGISTRADOS DE PERNAMBUCO;PE;Autogestão;62544097.84;20848032.61;11430945.83;3
357715;UNIMED DE MINEIROS COOPERATIVA DE TRABALHO MÉDICO ;GO;Cooperativa Médica;60811192.78;20270397.59;10900657.03;3
419699;OPERADORA DE PLANOS PRIVADOS DE SAÚDE - SANTA CASA SAÚDE LTDA;MS;Medicina de Grupo;60721988.3;20240662.77;10056974.16;3
313751;UNIODONTO DE SÃO JOSÉ DOS CAMPOS COOPERATIVA DE TRABALHO ODONTOLÓGICO;SP;Cooperativa odontológica;60187609.06;20062536.35;10874332.14;3
362573;UNIMED DE UBA COOPERATIVA DE TRABALHO MEDICO;MG;Cooperativa Médica;59687239.53;19895746.51;11196583.16;3
353876;UNIMED PONTAL DO TRIÂNGULO - COOPERATIVA DE TRABALHO MÉDICO;MG;Cooperativa Médica;58579771.86;19526590.62;9502802.11;3
359033;UNIMED TRÊS CORAÇÕES COOPERATIVA DE TRABALHO MÉDICO LTDA.;MG;Cooperativa Médica;58282627.51;19427542.5;10799553.84;3
323942;FUNDAÇÃO FILANTRÓPICA E BENEFICENTE DE SAÚDE ARNALDO GAVAZZA FILHO;MG;Filantropia;57362803.98;19120934.66;10257168.42;3
413330;AMEP FREGUESIA OPERADORA DE PLANO DE SAUDE LTDA;RJ;Medicina de Grupo;56985059.21;18995019.74;9371770.93;3
342386;UNIMED REGIONAL DE TRES LAGOAS COOPERATIVA DE TRABALHO MÉDICO;MS;Cooperativa Médica;56269306.56;18756435.52;10402426.98;3
342131;UNIMED VILHENA - COOPERATIVA DE TRABALHO MEDICO LTDA;RO;Cooperativa Médica;56190801.65;18730267.22;13356742.91;3
308811;UNIMED VALE DO PIQUIRI-COOPERATIVA DE TRABALHO MÉDICO VALE DO PIQUIRI ;PR;Cooperativa Médica;55649898.73;18549966.24;9833227.53;3
358282;UNIMED NORTE DO PARANÁ COOPERATIVA REGIONAL DE TRABALHO MÉDICO;PR;Cooperativa Médica;55302956.44;18434318.81;9501286.76;3
347736;UNIMED CARATINGA - COOPERATIVA DE TRABALHO MÉDICO LTDA;MG;Cooperativa Médica;55299156.1;18433052.03;9288688.96;3
419419;BRASILDENTAL OPERADORA DE PLANOS ODONTOLÓGICOS S.A.;SP;Odontologia de Grupo;54699117.74;18233039.25;10121346.49;3
317896;UNIMED VERTENTE DO CAPARAÓ - COOPERATIVA DE TRABALHO MÉDICO LTDA;MG;Cooperativa Médica;54598843.93;18199614.64;9556849.01;3
315494;UNIMED NOROESTE DE MINAS COOPERATIVA DE TRABALHO MEDICO LTDA;MG;Cooperativa Médica;54380598.07;18126866.02;10333339.53;3
351270;POLI SAUDE OPERADORA DE PLANO DE SAUDE LTDA;PR;Medicina de Grupo;53016062.97;17672020.99;9642301.22;3
301124;UNIMED GURUPI COOPERATIVA DE TRABALHO MÉDICO;TO;Cooperativa Médica;52843323.22;17614441.07;8914130.2;3
325465;AMPARA ASSISTÊNCIA MÉDICA PARAÍSO LTDA;MG;Medicina de Grupo;52789470.56;17596490.19;8999571.7;3
374440;PREVIDENT ASSISTÊNCIA ODONTOLÓGICA S.A;SP;Odontologia de Grupo;52188398.03;17396132.68;8742385.81;3
362832;UNIMED PLANALTO CENTRAL/RS - COOPERATIVA DE ASSISTÊNCIA  À SAÚDE LTDA.;RS;Cooperativa Médica;52123502.82;17374500.94;10094170.28;3
416428;SUL AMÉRICA PARANÁ CLÍNICAS SERVIÇOS DE SAÚDE S.A.;SP;Medicina de Grupo;51633802.49;17211267.5;14087501.24;3
371564;UNIMED FRUTAL COOPERATIVA DE TRABALHO MEDICO LTDA;MG;Cooperativa Médica;51489885.48;17163295.16;8296746.96;3
354619;UNIMED DE SAO JOSÉ DO RIO PARDO-COOP. DE TRAB. MÉDICO;SP;Cooperativa Médica;51389873.77;17129957.92;9307512.54;3
420701;FUNDAÇÃO DE ASSISTÊNCIA À SAÚDE DA ASSOCIAÇÃO DO MINISTÉRIO PÚBLICO DO RIO GRANDE DO SUL;RS;Autogestão;51365823.02;17121941.01;10212938.32;3
350648;UNIMED REGIÃO DA CAMPANHA/RS - COOPERATIVA DE ASSISTÊNCIA À SAÚDE LTDA.;RS;Cooperativa Médica;51257150.61;17085716.87;9071994.89;3
422371;SF SISTEMAS DE SAÚDE LTDA;SP;Medicina de Grupo;51102054.63;17034018.21;10397248.98;3
386901;UNIMED LEOPOLDINA COOPERATIVA DE TRABALHO MÉDICO LTDA;MG;Cooperativa Médica;49409109.46;16469703.15;10239124.04;3
311944;UNIMED DE ADAMANTINA-COOPERATIVA DE TRABALHO MÉDICO;SP;Cooperativa Médica;48149790.11;16049930.04;8463321.36;3
419958;ASSOCIAÇÃO PLANO DE SAÚDE SANTA CASA DE VALINHOS;SP;Medicina de Grupo;48139345.76;16046448.59;8475764.99;3
354996;UNIMED ALFENAS COOPERATIVA DE TRABALHO MEDICO;MG;Cooperativa Médica;48031649.71;16010549.9;8603002.52;3
412759;TERRAMAR ADMINISTRADORA DE PLANO DE SAUDE LTDA;BA;Medicina de Grupo;47359676.28;15786558.76;9422364.73;3
412058;SBC SAÚDE LTDA.;SP;Medicina de Grupo;47048836.47;15682945.49;7652003.83;3
413721;SOCIEDADE BENEFICENTE DEZOITO DE JULHO;MG;Medicina de Grupo;46916416.98;15638805.66;8296513.0;3
314781;UNIMED DE DRACENA - COOPERATIVA DE TRABALHO MÉDICO;SP;Cooperativa Médica;46603988.88;15534662.96;8128893.98;3
408794;ASSOCIAÇÃO POLICIAL DE ASSISTÊNCIA À SAÚDE DE RIBEIRÃO PRETO (APAS);SP;Autogestão;46304852.06;15434950.69;7909288.49;3
324299;PLAMER PLANO MEDICO RESENDE LTDA;RJ;Medicina de Grupo;46111884.69;15370628.23;6974725.84;3
309524;UNIMED DE MONTE ALTO - COOPERATIVA DE TRABALHO MÉDICO;SP;Cooperativa Médica;45601533.47;15200511.16;7919299.06;3
410888;FILOSANITAS SAUDE LTDA;SP;Medicina de Grupo;45263251.89;15087750.63;8439352.67;3
321320;IRMANDADE DA SANTA CASA DE MISERICÓRDIA E MATERNIDADE DONA ZILDA SALVAGNI;SP;Filantropia;45158573.09;15052857.7;7862936.63;3
393321;UNIMED-RIO COOPERATIVA DE TRABALHO MEDICO DO RIO DE JANEIRO;RJ;Cooperativa Médica;43905275.41;43905275.41;0.0;1
343765;UNIMED CALDAS NOVAS - COOPERATIVA DE TRABALHO MEDICO;GO;Cooperativa Médica;43778931.74;14592977.25;7477865.04;3
351776;UNIMED DE REGISTRO COOPERATIVA DE TRABALHO MÉDICO;SP;Cooperativa Médica;43716496.47;14572165.49;7319021.15;3
343129;ASSOCIACAO DOS PROFESSORES UNIVERSITÁRIOS DA BAHIA;BA;Autogestão;42990324.37;14330108.12;7625127.26;3
327352;UNIMED SÃO SEBASTIÃO DO PARAÍSO COOPERATIVA DE TRABALHO MÉDICO;MG;Cooperativa Médica;42744025.09;14248008.36;7420338.05;3
364070;UNIMED TRÊS PONTAS - COOPERATIVA DE TRABALHO MÉDICO;MG;Cooperativa Médica;42632263.76;14210754.59;7433165.12;3
335657;ADVANCE PLANOS DE SAÚDE LTDA;SP;Medicina de Grupo;42487948.39;14162649.46;7782476.37;3
387185;ASSOCIAÇÃO DOS AUDITORES FISCAIS DA RECEITA ESTADUAL DO RIO DE JANEIRO;RJ;Autogestão;41941274.83;13980424.94;6179147.98;3
368555;UNIODONTO BELÉM - COOPERATIVA DE ASSISTÊNCIA À SAÚDE ODONTOLÓGICA;PA;Cooperativa odontológica;41902718.06;13967572.69;7360738.61;3
316458;UNIMED REGIONAL DE FLORIANO - COOPERATIVA DE TRABALHO MÉDICO;PI;Cooperativa Médica;41808771.09;13936257.03;7128594.47;3
302228;UNIMED VALE DO CORUMBÁ COOPERATIVA DE TRABALHO MEDICO;GO;Cooperativa Médica;41151778.84;13717259.61;7504109.18;3
384704;ASSOCIAÇÃO DOS EMPREGADOS DA COMPANHIA ESTADUAL DE HABITAÇÃO E OBRAS PÚBLICAS - ASSEC;SE;Autogestão;40993810.66;13664603.55;7551041.8;3
422827;TRINO - ALIANCA FILANTRÓPICA DE ASSISTÊNCIA E INTEGRAÇÃO PARA O DESENVOLVIMENTO DA SAUDE;ES;Medicina de Grupo;40930520.81;13643506.94;7963755.52;3
324175;UNIMED SUDOESTE DE MINAS COOPERATIVA DE TRABALHO MÉDICO;MG;Cooperativa Médica;40828472.23;13609490.74;8314137.01;3
305626;PRONTOCLINICA E HOSPITAIS SAO LUCAS S/A;MG;Medicina de Grupo;40760453.54;13586817.85;7406365.04;3
328375;UNIMED REGIÃO DA FRONTEIRA - RS COOPERATIVA DE ASSISTÊNCIA À SAÚDE LTDA.;RS;Cooperativa Médica;40124974.0;13374991.33;7089448.08;3
420786;ASSOCIAÇÃO SANTA CASA CLÍNICAS DE BIRIGUI;SP;Medicina de Grupo;40106341.7;13368780.57;7084172.82;3
412252;SV SAUDE ADMINSTRADORES DE PLANO DE SAUDE LTDA;RJ;Medicina de Grupo;40014465.24;13338155.08;7326531.74;3
415626;FEDERAÇÃO DAS COOP ODONTOLÓGICAS DO ESTADO DE SANTA CATARINA;SC;Cooperativa odontológica;39286550.81;13095516.94;7403081.14;3
410110;ASSOCIAÇÃO POLICIAL DE ASSISTÊNCIA A SAÚDE DA BAIXADA SANTISTA;SP;Autogestão;39032171.94;13010723.98;6312731.8;3
329665;FUNDACAO CAPITAL PREVIDENCIA E SAUDE - CAPITAL PREV;ES;Autogestão;39028302.27;19514151.14;8457314.95;2
418137;UNIX SAÚDE S.A;BA;Medicina de Grupo;38097944.74;12699314.91;6616134.87;3
422584;PB ASSISTENCIA MEDICA EU LTDA;BA;Medicina de Grupo;37662784.06;12554261.35;8181540.35;3
414212;ASSOCIAÇÃO POLICIAL DE ASSISTÊNCIA À SAÚDE DE ARAÇATUBA (APAS);SP;Autogestão;37268939.14;12422979.71;6097749.59;3
327468;UNIMED SUDOESTE PAULISTA COOPERATIVA DE TRABALHO MÉDICO;SP;Cooperativa Médica;37183333.57;12394444.52;6469154.22;3
353264;SANTA CASA DE MISERICORDIA HOSPITAL SÃO VICENTE;SP;Filantropia;37006761.88;12335587.29;6554588.82;3
313971;FEDERAÇÃO DAS SOCIEDADES COOPERATIVAS DE TRABALHO MÉDICO DO ACRE, AMAPÁ, AMAZONAS, PARÁ, RONDONIA E RORAIMA;AM;Cooperativa Médica;36918032.69;36918032.69;0.0;1
335789;CAIXA DE ASSISTÊNCIA DOS EMPREGADOS DO BANESE;SE;Autogestão;36127689.51;12042563.17;6061754.89;3
320510;ATÍVIA SERVIÇOS DE SAÚDE S/A;SP;Medicina de Grupo;35493111.49;17746555.74;3835730.16;2
310239;PESSOAL SAÚDE PLANOS DE ASSISTÊNCIA MÉDICA LTDA;SP;Medicina de Grupo;35484113.44;11828037.81;6202246.92;3
401480;EVANGELICO SAUDE LTDA.;PR;Medicina de Grupo;34761835.18;11587278.39;5740043.33;3
406805;COOPERATIVA DOS USUÁRIOS DE SERVIÇOS DE SAÚDE LTDA.;RS;Medicina de Grupo;33819143.19;11273047.73;6366348.59;3
335258;UNIODONTO DE FORTALEZA COOPERATIVA DE TRABALHO ODONTOLOGICO LTDA;CE;Cooperativa odontológica;33533939.41;11177979.8;5837008.48;3
402206;ASSOCIAÇÃO GOIANA DO MINISTÉRIO PÚBLICO;GO;Autogestão;33283866.85;11094622.28;5913645.58;3
406937;ASSOCIAÇÃO POLICIAL DE ASSISTÊNCIA À SAÚDE;SP;Autogestão;32853274.59;10951091.53;5882765.92;3
515;ALLIANZ SAÚDE S/A;SP;Seguradora Especializada em Saúde;32422966.53;10807655.51;3919311.71;3
330892;ASSOCIAÇÃO SAÚDE CONCEIÇÃO;SC;Medicina de Grupo;32135174.4;10711724.8;6095944.71;3
315583;CAIXA DE ASSISTÊNCIA DOS EMPREGADOS DO BANEB;BA;Autogestão;31883484.09;10627828.03;3962559.68;3
350346;UNIMED CACERES COOPERATIVA DE TRABALHO MÉDICO ;MT;Cooperativa Médica;31759388.42;10586462.81;5265321.99;3
423351;AME VVIDA PLANOS DE SAUDE INTEGRADO LTDA.;RO;Medicina de Grupo;31438475.12;10479491.71;5339997.81;3
413518;CAIXA DE ASSISTÊNCIA DO SINDFISCO - CASSIND;SE;Autogestão;31332223.65;10444074.55;5774695.03;3
422762;SANTA CASA DE MISERICÓRDIA E BENEFICÊNCIA PORTUGUESA;SP;Filantropia;31168285.71;10389428.57;6198979.77;3
344451;UNIODONTO REGIONAL COOPERATIVA ODONTOLOGICA;MG;Cooperativa odontológica;30926940.4;10308980.13;5671047.72;3
419516;MAIS SAUDE S/A;ES;Medicina de Grupo;30067203.76;15033601.88;10669027.51;2
321125;UNIODONTO MACEIÓ COOPERATIVA ODONTOLÓGICA;AL;Cooperativa odontológica;29740993.05;9913664.35;5215338.09;3
402966;BIO SAÚDE SERVIÇOS MÉDICOS LTDA;SP;Medicina de Grupo;29568902.55;9856300.85;4774651.78;3
413372;SOCIEDADE PORTUGUESA DE BENEFICÊNCIA;RS;Filantropia;29499003.49;9833001.16;5241147.29;3
366439;UNIODONTO PORTO ALEGRE COOPERATIVA ODONTOLOGICA LTDA;RS;Cooperativa odontológica;29446934.63;9815644.88;6163350.43;3
413429;UNIDENTIS ASSISTENCIA ODONTOLOGICA LTDA.;PB;Odontologia de Grupo;29342091.79;9780697.26;4909307.13;3
357669;DESBAN - FUNDAÇÃO BDMG DE SEGURIDADE SOCIAL;MG;Autogestão;29183836.2;9727945.4;4855191.17;3
346004;UNIODONTO PIRACICABA - COOPERATIVA ODONTOLÓGICA;SP;Cooperativa odontológica;29082633.43;9694211.14;5400955.88;3
345318;UNIODONTO/RN - COOPERATIVA ODONTOLOGICA DO RIO GRANDE DO NORTE;RN;Cooperativa odontológica;28897419.15;9632473.05;5138323.51;3
412635;ASSOCIAÇÃO VALEPARAIBANA DE ASSISTÊNCIA MÉDICA POLICIAL;SP;Autogestão;28302930.25;9434310.08;3489899.04;3
353698;UNIMED REGIÃO DA PRODUÇÃO/RS - COOPERATIVA DE ASSISTÊNCIA À SAÚDE LTDA;RS;Cooperativa Médica;27781169.98;9260389.99;5402023.56;3
342203;UNIODONTO DE SC COOPERATIVA ADMINISTRADORA DE CONTRATOS;SC;Cooperativa odontológica;27726742.44;9242247.48;4940024.21;3
420085;SANTA CASA DE SAÚDE - SCS;ES;Medicina de Grupo;27560748.39;9186916.13;5354626.88;3
358436;UNIODONTO GOIANIA COOPERATIVA DE CIRURGIÕES DENTISTAS;GO;Cooperativa odontológica;27439145.21;9146381.74;4931835.02;3
327638;UNIMED SÃO JOÃO NEPOMUCENO COOPERATIVA DE TRABALHO MÉDICO LTDA.;MG;Cooperativa Médica;27393937.08;9131312.36;4833721.27;3
422151;ATITUDE SAÚDE ASSISTÊNCIA MEDICA LTDA;BA;Medicina de Grupo;26971823.53;8990607.84;5239004.29;3
323004;UNIMED DE PENAPOLIS - COOPERATIVA DE TRABALHO MEDICO;SP;Cooperativa Médica;26228831.63;8742943.88;5275400.64;3
334847;UNIMED DE JATAÍ COOPERATIVA DE TRABALHO MÉDICO LTDA.;GO;Cooperativa Médica;25965374.28;8655124.76;4943828.6;3
341941;HOSPITAL DE PRONTOCLINICA LTDA.;RS;Medicina de Grupo;25551239.89;8517079.96;4213378.71;3
354678;UNIMED MACHADO COOPERATIVA DE TRABALHO MEDICO;MG;Cooperativa Médica;25264551.2;8421517.07;4580668.7;3
337561;UNIMED VALE DO CARANGOLA COOPERATIVA DE TRABALHO MEDICO LTDA;MG;Cooperativa Médica;25171301.45;8390433.82;4500609.25;3
370592;FUNASA SAÚDE;PB;Medicina de Grupo;24996006.83;8332002.28;4475865.02;3
304441;NACIONAL ODONTO OPERADORA DE PLANOS ODONTOLÓGICOS LTDA.;PE;Odontologia de Grupo;24628998.22;8209666.07;4055610.56;3
423629;AURORA SAÚDE LTDA;MG;Medicina de Grupo;24535483.91;8178494.64;5053360.75;3
352519;UNIMED ALTO JACUÍ/RS - COOPERATIVA DE ASSISTÊNCIA À SAÚDE LTDA;RS;Cooperativa Médica;24110155.79;8036718.6;3857214.42;3
336467;UNIMED PATOS - COOPERATIVA DE TRABALHO MÉDICO;PB;Cooperativa Médica;23857790.32;7952596.77;4422373.22;3
404241;COOPERATIVA DOS USUÁRIOS DE SERVIÇOS DE SAÚDE DO VALE DO RIO DOS SINOS LTDA;RS;Autogestão;23785655.5;7928551.83;3931335.89;3
389358;CARE PLUS ODONTOLOGIA ASSISTENCIAL LTDA.;SP;Odontologia de Grupo;22863385.15;7621128.38;6765873.97;3
421359;RIO DOCE SAÚDE;ES;Medicina de Grupo;22861517.03;7620505.68;4218229.47;3
422835;VIDA TOP MAIS SAÚDE OPERADORA DE PLANOS DE SAÚDE LTDA.;SP;Medicina de Grupo;22760529.86;7586843.29;4638718.15;3
304212;ON MED ASSISTÊNCIA MÉDICA LTDA;RS;Medicina de Grupo;22319128.34;7439709.45;5463249.41;3
420271;R.M.I. OPERADORA DE SAÚDE INTEGRADA LTDA;SP;Medicina de Grupo;22021317.66;11010658.83;3401098.47;2
410608;ASSOCIACAO POLICIAL DE ASSISTENCIA A SAUDE DE PRESIDENTE PRUDENTE (APAS);SP;Autogestão;21893988.12;7297996.04;4043911.76;3
343722;UNIMED PONTE NOVA COOPERATIVA DE TRABALHO MEDICO LTDA;MG;Cooperativa Médica;21838755.97;7279585.32;4143177.09;3
361569;UNIODONTO DE JOÃO PESSOA COOPERATIVA ODONTOLÓGICA;PB;Cooperativa odontológica;21819023.21;7273007.74;3254904.29;3
414662;VIVENTERIS LTDA;PR;Odontologia de Grupo;21037418.58;7012472.86;3773076.54;3
313475;UNIMED REGIONAL DE PICOS - COOPERATIVA DE TRABALHO MÉDICO;PI;Cooperativa Médica;21012800.12;7004266.71;3605941.46;3
333867;ASSOCIAÇAO UNISAUDE MARAU;RS;Medicina de Grupo;20922243.1;6974081.03;3432876.69;3
423718;SUL DO PARÁ LTDA;PA;Medicina de Grupo;20830054.23;6943351.41;2386761.76;3
423548;TOTAL ASSISTÊNCIA MÉDICA HOSPITALAR LTDA;MG;Medicina de Grupo;20400383.15;6800127.72;3511603.89;3
409413;ASSOCIAÇÃO POLICIAL DE ASSISTÊNCIA A SAÚDE;SP;Autogestão;20348295.2;6782765.07;3599016.24;3
344788;UNIMED DE CORUMBA COOPERATIVA DE TRABALHO MÉDICO;MS;Cooperativa Médica;20296630.68;6765543.56;3947456.74;3
310981;ODONTO EMPRESAS CONVENIOS DENTARIOS LTDA.;SP;Odontologia de Grupo;19846633.42;6615544.47;3514459.94;3
342157;UNIMED MORRINHOS COOPERATIVA DE TRABALHO MEDICO;GO;Cooperativa Médica;19563734.7;6521244.9;3950200.01;3
314315;UNIODONTO DO BRASIL CENTRAL NACIONAL DAS COOPERATIVAS ODONTÓLOGICAS;SP;Cooperativa odontológica;19530587.94;6510195.98;3783886.55;3
360783;ASSOCIACAO DE SAUDE HOLAMBRA;SP;Medicina de Grupo;19166372.99;6388791.0;3582982.16;3
389854;ODONTOGROUP SISTEMA DE SAÚDE LTDA.;DF;Odontologia de Grupo;19093145.77;6364381.92;3372181.72;3
325082;UNIMED DO OESTE DA BAHIA COOPERATIVA DE TRABALHO MÉDICO;BA;Cooperativa Médica;18915952.32;6305317.44;4074774.99;3
309028;ASSOCIAÇÃO DOS SERVIDORES MUNICIPAIS, ESTADUAIS E FEDERAIS DO RIO DE JANEIRO;RJ;Medicina de Grupo;18901491.49;6300497.16;3284553.56;3
343153;UNIMED SOUSA - COOPERATIVA DE TRABALHO MÉDICO;PB;Cooperativa Médica;18726821.42;6242273.81;2814449.16;3
418501;FUNDAÇÃO PLAMHUV - PLANO MÉDICO HOSPITALAR DOS HOSPITAIS UNIDOS DE VIÇOSA;MG;Medicina de Grupo;18323555.31;6107851.77;3494458.9;3
314706;HOSPITAL CESAR LEITE;MG;Filantropia;18019610.22;6006536.74;3500486.39;3
361593;UNIODONTO PAULISTA-FEDERAÇÃO DAS COOPERATIVAS ODONTOLÓGICAS DO ESTADO DE SÃO PAULO;SP;Cooperativa odontológica;17936406.37;5978802.12;3269223.54;3
388092;ASSOCIAÇÃO DOS FUNCIONÁRIOS FISCAIS DO ESTADO DO AMAZONAS - AFFEAM;AM;Autogestão;17191045.51;5730348.5;3753418.83;3
418226;OPLAN SAÚDE OPERADORA DE PLANO DE SAÚDE LTDA;RJ;Medicina de Grupo;17129746.25;5709915.42;3180779.93;3
311391;UNIODONTO DE MANAUS - COOPERATIVA ODONTOLÓGICA LTDA.;AM;Cooperativa odontológica;16658539.89;5552846.63;2733592.16;3
411809;SOCIEDADE DE ASSISTÊNCIA MÉDICA - SAMEISA;RS;Autogestão;16609677.09;5536559.03;2888163.0;3
419851;CAIXA DE ASSISTÊNCIA À SAÚDE DOS TRABALHADORES NAS INDÚSTRIAS METALÚRGICAS, MECÂNICAS E DO MATERIAL ELÉTRICO DE BRUSQUE;SC;Autogestão;16556440.91;5518813.64;3022697.48;3
322326;ASSOCIAÇÃO BENEFICENTE CATÓLICA;MG;Filantropia;16120312.08;5373437.36;2798238.0;3
402001;SISTEMA TOTAL DE SAÚDE LTDA.;SP;Medicina de Grupo;15911906.56;5303968.85;2653520.84;3
347825;CAIXA ASSISTENCIAL UNIVERSITARIA DO RIO DE JANEIRO;RJ;Autogestão;15777890.59;5259296.86;2748659.14;3
421871;ANGELI SISTEMAS DE SAUDE S.A.;PR;Medicina de Grupo;15414761.42;5138253.81;2739833.02;3
363189;HOSPITAL S.P. LTDA.;RS;Medicina de Grupo;15246610.37;5082203.46;2413900.65;3
408263;ASSOCIAÇÃO POLICIAL DE ASSISTENCIA À SAUDE DE SAO JOAO DA BOA VISTA;SP;Autogestão;15186245.77;5062081.92;2788408.93;3
367613;UNIMED CAMPO BELO- COOPERATIVA DE TRABALHO MÉDICO;MG;Cooperativa Médica;14622740.68;4874246.89;2380047.5;3
304531;AME-ASSISTÊNCIA MÉDICA A EMPRESAS LTDA;MG;Medicina de Grupo;14510938.95;4836979.65;2441260.54;3
416525;PRIMA VIDA ODONTOLOGIA DE GRUPO LIMITADA;RJ;Odontologia de Grupo;14489221.39;4829740.46;2278413.7;3
419974;PLAMESC PLANOS DE SAÚDE LTDA;RJ;Medicina de Grupo;14250258.43;4750086.14;2316843.31;3
417491;PORTOMED - PORTO SEGURO SERVIÇOS DE SAUDE LTDA;SP;Medicina de Grupo;14157909.27;4719303.09;4663994.7;3
410624;CONFIANÇA ASSISTÊNCIA MÉDICO HOSPITALAR LTDA;MG;Medicina de Grupo;13875672.73;4625224.24;2528343.07;3
417475;PRONTO SOCORRO CONDE DE MOREIRA LIMA;SP;Medicina de Grupo;13449626.11;4483208.7;2504599.6;3
347604;UNIODONTO DE AMERICANA COOPERATIVA ODONTOLÓGICA;SP;Cooperativa odontológica;13404862.58;4468287.53;2453108.75;3
306045;SANTA CASA DE MISERICÓRDIA DE TUPÃ;SP;Filantropia;13213144.24;4404381.41;2071442.1;3
409634;ASSOCIACAO CIVIL PRÓ-SAÚDE DOS SERVIDORES DA UNIVERSIDADE ESTADUAL DE PONTA GROSSA;PR;Medicina de Grupo;13161770.35;4387256.78;2333617.14;3
412996;ORALE ASSISTÊNCIA ODONTOLÓGICA LTDA;BA;Odontologia de Grupo;13100420.05;4366806.68;2192914.87;3
414701;SERVDONTO - PLANO DE ASSISTÊNCIA ODONTOLÓGICA LTDA;SE;Odontologia de Grupo;12938886.72;4312962.24;2266158.15;3
420123;ASSOCIAÇÃO UNIVIDA SANTA RITA DO PASSA QUATRO;SP;Medicina de Grupo;12740293.46;4246764.49;2109542.35;3
411868;MEDIC GLOBAL PLANOS DE SAÚDE LTDA.;MG;Medicina de Grupo;12595330.33;4198443.44;2529798.18;3
390259;COMSEDER - COOPERATIVA DE ASSISTÊNCIA MÉDICA DOS SERVIDORES DA SUPLAN E DO DER LTDA;PB;Autogestão;12486200.07;4162066.69;2123254.3;3
419753;MEDGOLD ASSISTENCIA MEDICA LTDA - ME;MG;Medicina de Grupo;12323662.7;4107887.57;2111928.54;3
406635;ASSOCIACAO POLICIAL DE ASSISTENCIA A SAUDE DE ITAPETININGA;SP;Autogestão;12116571.93;4038857.31;2124362.04;3
316849;TELOS - FUNDAÇÃO EMBRATEL DE SEGURIDADE SOCIAL;RJ;Autogestão;11861210.63;3953736.88;2514534.37;3
422487;VOCÊ TOTAL PLANOS DE SAÚDE LIMITADA;SP;Medicina de Grupo;11597210.7;5798605.35;1980402.16;2
370568;UNIODONTO UBERABA - COOPERATIVA DE ASSISTÊNCIA À SAÚDE ODONTOLÓGICA LTDA;MG;Cooperativa odontológica;11387032.71;3795677.57;2261214.48;3
423441;PLENUM ASSISTENCIA MEDICA  LTDA;DF;Medicina de Grupo;10897990.71;5448995.36;2436202.93;2
365645;DONA SAÚDE CLINICAS LTDA ;SP;Medicina de Grupo;10836519.09;3612173.03;463717.34;3
418129;FUNDO DE ASSISTÊNCIA MÉDICO-HOSPITALAR DO MINISTÉRIO PÚBLICO;MS;Autogestão;10759445.38;3586481.79;2302520.8;3
305928;NOSAMED ASSISTÊNCIA MÉDICA LTDA.;SP;Medicina de Grupo;10597095.86;3532365.29;1904414.42;3
313149;UNIMED DE BATATAIS - COOPERATIVA DE TRABALHO MÉDICO;SP;Cooperativa Médica;10594634.16;3531544.72;1931719.5;3
421707;PERSONAL CARE OPERADORA DE SAÚDE SA;SP;Medicina de Grupo;10533459.5;5266729.75;1442400.8;2
334243;UNIODONTO DE SOROCABA COOPERATIVA ODONTOLÓGICA;SP;Cooperativa odontológica;10517312.31;3505770.77;1964883.88;3
420981;S1 OPERADORA DE PLANO DE SAÚDE LTDA;DF;Medicina de Grupo;10298939.37;3432979.79;1935632.69;3
414026;CAIXA BENEFICENTE DOS FUNCIONÁRIOS DO GRUPO IGUAÇU;PR;Autogestão;10241405.53;3413801.84;1583890.98;3
407569;ASSOCIAÇÃO POLICIAL DE ASSISTÊNCIA À SAÚDE DE BARRETOS;SP;Autogestão;10199327.13;3399775.71;1689447.15;3
363391;PLANO ASSISTENCIAL SÃO LUCAS LTDA;MG;Medicina de Grupo;10088027.78;3362675.93;1644056.22;3
422304;CARING SAÚDE ASSISTÊNCIA MÉDICA LTDA.;RJ;Medicina de Grupo;9729203.52;3243067.84;1751329.67;3
316997;UNIODONTO DE ARARAQUARA COOPERATIVA ODONTOLÓGICA;SP;Cooperativa odontológica;9683355.26;3227785.09;1728231.41;3
382655;UNIODONTO VALE HISTORICO COOPERATIVA ODONTOLOGICA;SP;Cooperativa odontológica;9679129.96;3226376.65;1842827.55;3
418749;CEDPLAN SAÚDE LTDA EPP;MG;Medicina de Grupo;9554508.99;3184836.33;1736147.34;3
414654;SEMPRE ODONTO PLANOS ODONTOLOGICOS LTDA;RJ;Odontologia de Grupo;9553063.84;3184354.61;1618613.09;3
358339;UNIODONTO DO SUL GOIANO COOPERATIVA ODONTOLOGICA;GO;Cooperativa odontológica;9130767.48;3043589.16;1506236.01;3
419591;ASSOCIAÇÃO DOS SERVIDORES PÚBLICOS DA ADMINISTRAÇÃO DIRETA DO GOVERNO DO ESTADO DO PARÁ - ASPARÁ;PA;Autogestão;8821437.22;2940479.07;1509968.26;3
347795;UNIODONTO DE JUNDIAÍ COOPERATIVA ODONTOLÓGICA;SP;Cooperativa odontológica;8796987.22;2932329.07;1556019.38;3
414387;ODONTOART PLANOS ODONTOLÓGICOS LTDA;CE;Odontologia de Grupo;8741130.03;2913710.01;1540273.66;3
409791;COOPERATIVA ODONTOLÓGICA POÇOS DE CALDAS;MG;Cooperativa odontológica;8603468.17;2867822.72;1395274.34;3
370711;UNIODONTO ESPIRITO SANTO COOPERATIVA ODONTOLOGICA;ES;Cooperativa odontológica;8235732.23;2745244.08;1485405.37;3
421618;ASSOCIAÇÃO HOSPITAL SAÚDE DE VARGEM GRANDE DO SUL;SP;Medicina de Grupo;8164929.22;2721643.07;1328970.01;3
381144;UNIODONTO MARINGA COOPERATIVA ODONTOLOGICA;PR;Cooperativa odontológica;8121056.26;2707018.75;1490647.73;3
411248;ASSOCIAÇÃO POLICIAL DE ASSISTÊNCIA À SAÚDE DE PRESIDENTE VENCESLAU;SP;Autogestão;8060244.89;2686748.3;1381114.31;3
408026;ASSOCIAÇÃO POLICIAL DE ASSISTÊNCIA À SAÚDE DE DRACENA;SP;Autogestão;7759407.49;2586469.16;1563747.49;3
322890;DENTALPAR ASSISTÊNCIA ODONTOLÓGICA EMPRESARIAL LTDA.;SP;Odontologia de Grupo;7735498.58;2578499.53;1413877.67;3
422959;PRESERVE SAUDE ASSISTENCIA MEDICA LTDA;BA;Medicina de Grupo;7634368.92;2544789.64;1222046.5;3
415987;PLANO VIDA SAUDE SERVIÇOS ODONTOLOGICOS LTDA;SE;Odontologia de Grupo;7579842.09;2526614.03;1468225.55;3
407224;SEPACO SAÚDE LTDA;SP;Medicina de Grupo;7485293.2;2495097.73;1363667.09;3
424048;VALE PLANOS DE SAÚDE LTDA;PE;Medicina de Grupo;7301568.56;2433856.19;1950193.87;3
350770;UNIODONTO DE LONDRINA COOP. ODONTOLÓGICA;PR;Cooperativa odontológica;6996892.79;2332297.6;1242411.9;3
336017;UNIODONTO DE PRESIDENTE PRUDENTE COOPERATIVA ODONTOLOGICA;SP;Cooperativa odontológica;6968336.1;2322778.7;840105.29;3
413283;AESP ODONTO ASSISTÊNCIA ODONTOLÓGICA S/S LTDA EPP;SP;Odontologia de Grupo;6958666.08;2319555.36;1342525.24;3
421634;SD-M OPERADORA DE PLANOS DE SAUDE LTDA;RJ;Medicina de Grupo;6942231.38;2314077.13;1239616.72;3
365785;COOPERATIVA ODONTOLÓGICA DO ESTADO DO AMAPÁ;AP;Cooperativa odontológica;6915264.4;2305088.13;1227172.46;3
339458;DENTAL CENTER LTDA;PB;Odontologia de Grupo;6807693.18;2269231.06;1181382.54;3
415243;RODRIGUES LEIRA ODONTOLOGIA LTDA.;SP;Odontologia de Grupo;6705649.11;2235216.37;1191447.93;3
382281;PLANO DE ASSISTÊNCIA MÉDICA MINEIRA LTDA;MG;Medicina de Grupo;6652068.47;2217356.16;1463246.82;3
340162;SAMIG - SERV. DE ASSISTENCIA MEDICA DA ILHA DO GOVERNADOR LTDA;RJ;Medicina de Grupo;6533908.1;2177969.37;723277.0;3
344184;CAIXA DE ASSISTÊNCIA DOS EMPREGADOS DO SETOR PÚBLICO DO ESTADO DE GOIÁS - CAEME;GO;Autogestão;6517018.87;2172339.62;1206465.15;3
418218;ASSOCIAÇÃO SAÚDE RURAL ALEGRETE;RS;Medicina de Grupo;6472274.95;2157424.98;1429198.6;3
343056;UNIODONTO JACAREÍ COOPERATIVA ODONTOLÓGICA;SP;Cooperativa odontológica;6462261.59;2154087.2;1165130.63;3
319872;CAMIM OPERADORA DE PLANO DE SAÚDE LTDA;RJ;Medicina de Grupo;6411527.77;2137175.92;1138642.42;3
420093;ASSOCIACAO DOS SERVIDORES DA EMDAGRO - ASSEM;SE;Autogestão;6342369.03;2114123.01;1113100.96;3
408034;ASSOCIAÇÃO POLICIAL DE ASSISTÊNCIA À SAÚDE DE JAÚ;SP;Autogestão;6223402.63;2074467.54;866409.98;3
423203;ASSOCIAÇÃO POLICIAL DE ASSISTÊNCIA À SAÚDE APAS;SP;Autogestão;6171098.16;2057032.72;601418.04;3
408093;ASSOCIAÇÃO POLICIAL DE ASSISTENCIA A SAUDE DE BOTUCATU;SP;Autogestão;6123839.79;2041279.93;1412276.93;3
406813;ASSOCIAÇÃO POLICIAL DE ASSISTÊNCIA À SAÚDE;SP;Autogestão;6045042.31;2015014.1;1088341.83;3
413747;DENTAL MASTER LTDA - EPP;AL;Odontologia de Grupo;6039051.68;2013017.23;989794.97;3
344141;UNIMED CAJAZEIRAS - SOCIEDADE COOPERATIVA DE TRABALHO MÉDICO;PB;Cooperativa Médica;5948562.85;1982854.28;1073938.03;3
342955;HSMED SAUDE LTDA;RJ;Medicina de Grupo;5946681.71;1982227.24;1059357.31;3
412015;MH VIDA - OPERADORA DE PLANOS DE SAÚDE LTDA;RJ;Medicina de Grupo;5773982.0;1924660.67;1131165.74;3
421189;BENEFICENCIA SOCIAL BOM SAMARITANO;MG;Filantropia;5745539.28;1915179.76;1154137.41;3
344915;SANTA CASA DE MISERICÓRDIA E ASILO DOS POBRES DE BATATAIS;SP;Filantropia;5717843.96;1905947.99;896969.44;3
417831;ODONTOLIVE OPERADORA DE PLANOS ODONTOLÓGICOS LTDA.;SP;Odontologia de Grupo;5460436.99;1820145.66;1025557.86;3
305421;UNIODONTO RS FEDERACAO DAS UNIODONTOS DO RGS LTDA;RS;Cooperativa odontológica;5367267.56;1789089.19;921990.9;3
300730;DENTAL GOLD ASSISTÊNCIA ODONTOLÓGICA LTDA.;PB;Odontologia de Grupo;5302632.21;1767544.07;869670.35;3
314366;DENTAL PLUS CONVÊNIO ODONTOLÓGICO LTDA.;SP;Odontologia de Grupo;5150569.12;1716856.37;926712.02;3
373109;UNIODONTO DE SERTAOZINHO SP COOPERATIVA ODONTOLOGICA;SP;Cooperativa odontológica;5083041.36;2541520.68;823170.58;2
422746;SALUSMED OPERADORA DE PLANOS DE SAUDE LTDA;SP;Medicina de Grupo;5024457.74;1674819.25;1176218.21;3
345741;OPERADORA INATIVA/DESCONHECIDA;ND;Desconhecida;4988429.04;1662809.68;278437.3;3
422088;ODONT-OPERADORA ODONTOLOGICA LTDA;SP;Odontologia de Grupo;4887381.52;1629127.17;766697.5;3
324213;UNIMED NORTE/NORDESTE-FEDERAÇÃO INTERFEDERATIVA DAS SOCIEDADES COOPERATIVAS DE TRABALHO MÉDICO EM RECUPERAÇÃO JUDICIAL;PB;Cooperativa Médica;4851281.62;1617093.87;911748.61;3
409405;ASSOCIAÇÃO POLICIAL DE ASSISTÊNCIA À SAÚDE - VALE DO RIBEIRA;SP;Autogestão;4822676.88;1607558.96;751896.75;3
422355;PD BRASIL ASSISTENCIA ODONTOLOGICA LTDA;MG;Odontologia de Grupo;4694598.25;1564866.08;696793.7;3
331104;UNIODONTO DE PINDAMONHANGABA COOP ODONTOLOGICA;SP;Cooperativa odontológica;4638634.08;1546211.36;549109.97;3
423432;ASSOC DE ASSIST À SAÚDE DOS SERV DAS UNIV E INST FED, EST E/OU FAC PART EM PE;PE;Autogestão;4633662.43;1544554.14;617412.95;3
419028;COOPERATIVA DE TRABALHO ODONTOLOGICO - UNIODONTO ITAJUBÁ;MG;Cooperativa odontológica;4545201.79;1515067.26;860816.56;3
422380;YOU ASSISTÊNCIA MÉDICA LTDA.;MG;Medicina de Grupo;4309234.67;4309234.67;0.0;1
311472;CEAM BRASIL - PLANOS DE SAÚDE LTDA;MG;Medicina de Grupo;4262970.73;4262970.73;0.0;1
420816;ASSOCIAÇÃO PADRE PIO PLANOS DE SAÚDE;SP;Medicina de Grupo;4207078.17;1402359.39;693097.42;3
413267;PREVENT SENIOR CORPORATE OPERADORA DE SAÚDE LTDA.;SP;Medicina de Grupo;4067514.46;1355838.15;578095.76;3
415081;PORTO DIAS SAUDE LTDA.;PA;Medicina de Grupo;3945199.94;1315066.65;768339.87;3
417220;ASSOCIAÇÃO SERVIÇOS ODONTOLÓGICOS DA INDÚSTRIA DE MINAS GERAIS - ODONTOINDUSTRIA;MG;Odontologia de Grupo;3848443.7;1282814.57;695852.08;3
407534;ÔNIX OPERADORA DE PLANOS DE SAÚDE LTDA;RJ;Medicina de Grupo;3751828.82;1250609.61;785993.9;3
407011;GAMA SAUDE LTDA.;SP;Medicina de Grupo;3730574.61;1243524.87;1620961.4;3
415910;CENTRO DE ENDOCRINOLOGIA DE JUNDIAÍ S/S LTDA;SP;Medicina de Grupo;3700476.85;1233492.28;610822.09;3
417106;PLANO DE ASSISTÊNCIA ODONTOLÓGICA FAUCHARD LTDA. ME;BA;Odontologia de Grupo;3570147.87;1190049.29;637978.85;3
382639;ASSOCIAÇÃO DOS FISCAIS DE TRIBUTOS ESTADUAIS DO RS - AFISVEC;RS;Autogestão;3311291.03;1103763.68;669447.89;3
417131;QUALIDONTO - QUALIDADE EM ODONTOLOGIA LTDA ;BA;Odontologia de Grupo;3285732.18;1095244.06;677695.72;3
421723;HEALTH-MED SISTEMA DE SAUDE LTDA;RJ;Medicina de Grupo;3217637.77;1072545.92;619168.39;3
343404;UNIODONTO DE MATO GROSSO COOP TRAB ODONTOLOGICO LTDA;MT;Cooperativa odontológica;2848647.94;949549.31;514586.71;3
424170;BLUZZ SAÚDE S/A;ES;Medicina de Grupo;2774706.65;924902.22;777996.31;3
419281;ODONTO SEG OPERADORA DE PLANOS ODONTOLOGICOS S.A.;SP;Odontologia de Grupo;2635324.38;878441.46;384022.13;3
346870;OPERADORA INATIVA/DESCONHECIDA;ND;Desconhecida;2233707.87;2233707.87;0.0;1
408522;SANTA CASA DA MISERICÓRDIA DE SÃO JOÃO DEL REI;MG;Filantropia;2122604.05;707534.68;332964.31;3
415901;SAME-SERVIÇO DE ASSISTÊNCIA MÉDICA EMPRESARIAL LTDA.;MA;Medicina de Grupo;2046916.83;682305.61;326002.97;3
420930;HOSPITAL DE CARIDADE SÃO VICENTE DE PAULO;PR;Filantropia;2026490.14;675496.71;32912.54;3
423572;INNOVA PLANO DE SAUDE LTDA;RO;Medicina de Grupo;1920992.87;960496.44;845800.9;2
333239;SISTEMA PREVSAUDE DENTAL LTDA;CE;Odontologia de Grupo;1906012.78;635337.59;311057.93;3
417840;NOVODENTE S/A;RS;Odontologia de Grupo;1858605.97;1858605.97;0.0;1
327328;CASA DE SAÚDE NOSSA SENHORA DE FÁTIMA  LTDA.;CE;Medicina de Grupo;1782120.91;594040.3;324392.51;3
419524;SORRIDEN CONVÊNIOS ODONTOLÓGICOS S.A.;SP;Odontologia de Grupo;1757112.95;585704.32;279289.05;3
321338;OPERADORA INATIVA/DESCONHECIDA;ND;Desconhecida;1681013.23;560337.74;139981.39;3
397245;CROWN ODONTOLOGIA DE GRUPO LTDA;SP;Odontologia de Grupo;1631375.75;543791.92;287324.32;3
423564;INFINITY SAÚDE SUPLEMENTAR LTDA;MT;Medicina de Grupo;1598984.71;532994.9;366582.4;3
320838;UNIMED INTRAFEDERATIVA FEDERAÇÃO REGIONAL SUL DE MINAS;MG;Cooperativa Médica;1484488.45;494829.48;276015.45;3
421367;MEDHEALTH PLANOS DE SAÚDE LTDA;PR;Medicina de Grupo;1475668.6;491889.53;860023.49;3
421561;BRASIL ODONTO OPERADORA DE PLANOS ODONTOLÓGICOS LTDA;TO;Odontologia de Grupo;1257338.9;419112.97;191347.33;3
413551;PLAMEDH - PLANO DE ASSISTÊNCIA MÉDICO-HOSPITALAR LTDA;MG;Medicina de Grupo;1087155.02;543577.51;144135.39;2
418994;ODONTO PRIME S/S LTDA;CE;Odontologia de Grupo;937985.75;312661.92;162963.58;3
421642;EXCELÊNCIA PLANO DE SAÚDE S/A;ES;Medicina de Grupo;801593.92;267197.97;424304.9;3
316903;POLIMÉDICA SAÚDE SOCIEDADE SIMPLES LTDA;RS;Medicina de Grupo;755876.19;251958.73;125017.02;3
423408;PLANO SIGMA SAÚDE LTDA;SP;Medicina de Grupo;703992.95;351996.48;34588.57;2
423912;ASSISTÊNCIA MÉDICA 12 DE OUTUBRO LTDA;SP;Medicina de Grupo;696205.41;232068.47;141523.95;3
422754;ODILE SERVIÇOS DE SAÚDE LTDA.;SP;Medicina de Grupo;675775.88;225258.63;304446.47;3
409286;G & M ASSESSORIA MEDICA EMPRESARIAL LTDA;RJ;Medicina de Grupo;674255.52;224751.84;137431.63;3
423645;SAUDIA ASSISTENCIA MÉDICA LTDA;MG;Medicina de Grupo;645586.13;215195.38;153177.1;3
423181;BEMSTAR ASSISTENCIA MEDICA LTDA;BA;Medicina de Grupo;523330.42;174443.47;44257.43;3
423262;ALMA ODONTO OPERADORA DE PLANOS ODONTOLOGICOS LTDA;SP;Odontologia de Grupo;511267.24;170422.41;36004.0;3
311057;UNIMED VALE DO URUCUIA - COOPERATIVA DE TRABALHO MEDICO LTDA;MG;Cooperativa Médica;505869.32;168623.11;103995.48;3
420051;SMART CARE SISTEMAS MÉDICOS E ODONTOLÓGICOS LTDA.;SP;Odontologia de Grupo;500806.26;250403.13;0.0;2
418072;CAIXA SEGURADORA ESPECIALIZADA EM SAÚDE S/A;SP;Seguradora Especializada em Saúde;498713.68;166237.89;327031.99;3
414689;FUNDO DE ASSISTÊNCIA À SAÚDE DOS FUNCIONÁRIOS DO BEC;CE;Autogestão;313109.39;104369.8;72567.05;3
341819;UNIMED ALTO PARANAIBA COOPERATIVA DE TRABALHO MEDICO;MG;Cooperativa Médica;241246.07;80415.36;15093.67;3
351792;OPERADORA INATIVA/DESCONHECIDA;ND;Desconhecida;223497.42;111748.71;33478.14;2
415944;CLÍNICA SÃO GABRIEL S/S LTDA;SP;Medicina de Grupo;212078.78;70692.93;45922.4;3
422479;LIVRI OPERADORA DE PLANO DE SAÚDE LTDA;SP;Medicina de Grupo;180751.12;60250.37;41264.77;3
423815;SAGRADA SAÚDE ASSISTÊNCIA MÉDICA LTDA;MG;Medicina de Grupo;132727.15;44242.38;39565.94;3
423700;EVO SAUDE ASSISTENCIA MEDICA LTDA;DF;Medicina de Grupo;93393.22;31131.07;48625.73;3
419079;BIORAL SISTEMA ODONTOLÓGICO LTDA.;SP;Odontologia de Grupo;75758.4;25252.8;9880.04;3
416410;SOCIODONTO PLANO DE ASSISTÊNCIA ODONTOLÓGICA LTDA;MG;Odontologia de Grupo;62434.93;31217.46;35711.76;2
424463;SAUDE SALV ASSISTENCIA MEDICA LTDA;RO;Medicina de Grupo;40578.82;40578.82;0.0;1
324523;UNIMED PARAIBA - FEDERAÇAO DAS SOCIEDADES COOPERATIVAS DE TRABALHO MEDICO;PB;Cooperativa Médica;7330.89;2443.63;2163.73;3
422941;ARL ADMINISTRADORA DE BENEFÍCIOS LTDA.;SP;Administradora de Benefícios;5680.0;2840.0;0.0;2
422053;ASSOCIAÇÃO FCA SAÚDE;MG;Autogestão;0.34;0.11;0.1;3
334511;UNIMED VALE DO PARAÍBA - FEDERAÇÃO INTRAFEDERATIVA DAS COOPERATIVAS MÉDICAS;SP;Cooperativa Médica;0.0;0.0;0.0;3
333689;MEDISERVICE OPERADORA DE PLANOS DE SAÚDE S.A.;SP;Medicina de Grupo;-0.0;-0.0;0.0;3
418285;FUNDAÇÃO FIAT SAÚDE E BEM ESTAR;MG;Autogestão;-0.0;-0.0;0.0;3
421715;BRADESCO SAÚDE - OPERADORA DE PLANOS  S/A;SP;Medicina de Grupo;-0.0;-0.0;0.0;3
419133;POSTAL SAÚDE CAIXA DE ASSISTÊNCIA E SAÚDE DOS EMPREGADOS DOS CORREIOS;DF;Autogestão;-0.0;-0.0;0.0;3
420841;INTERCLINICAS PLANO VIDA USA OPERADORA DE SAUDE LTDA;SP;Medicina de Grupo;-437475.2;-145825.07;213341.01;3
419354;OPERADORA INATIVA/DESCONHECIDA;ND;Desconhecida;-1042388.94;-347462.98;302225.66;3
422134;UNIVIDA USA OPERADORA EM SAUDE S/A;SP;Medicina de Grupo;-3833583.79;-1277861.26;829000.52;3
393533;ASSOCIAÇÃO DO FISCO DE ALAGOAS;AL;Autogestão;-4876756.67;-1625585.56;1519455.79;3
